DATE,ACTUAL,PREDICT,UPPER,LOWER,ERROR,STD,NERROR,_LEVEL_,_TREND_,_SFACTOR
"Friday, January 1, 1982",106.0000,112.4366,168.1626,56.7105,-6.4366,28.4322,-0.2264,139.1288,-0.008508,0.7938
"Friday, January 8, 1982",132.0000,126.9476,182.6737,71.2216,5.0524,28.4322,0.1777,140.1250,-0.007504,0.9172
"Friday, January 15, 1982",119.0000,131.3070,187.0330,75.5809,-12.3070,28.4322,-0.4329,137.7344,-0.009887,0.9256
"Friday, January 22, 1982",147.0000,144.8036,200.5297,89.0775,2.1964,28.4322,0.0773,138.1036,-0.009508,1.0535
"Friday, January 29, 1982",160.0000,153.7905,209.5165,98.0644,6.2095,28.4322,0.2184,139.1059,-0.008496,1.1194
"Friday, February 5, 1982",168.0000,165.0044,220.7305,109.2784,2.9956,28.4322,0.1054,139.5557,-0.008038,1.1890
"Friday, February 12, 1982",166.0000,153.7516,209.4777,98.0256,12.2484,28.4322,0.4308,141.5649,-0.006020,1.1130
"Friday, February 19, 1982",160.0000,159.7097,215.4358,103.9837,0.2903,28.4322,0.0102,141.6056,-0.005974,1.1285
"Friday, February 26, 1982",172.0000,168.2223,223.9484,112.4962,3.7777,28.4322,0.1329,142.1766,-0.005397,1.1914
"Friday, March 5, 1982",190.0000,161.8143,217.5403,106.0882,28.1857,28.4322,0.9913,146.6651,-0.000903,1.1630
"Friday, March 12, 1982",167.0000,164.9054,220.6315,109.1794,2.0946,28.4322,0.0737,147.0022,-0.000565,1.1262
"Friday, March 19, 1982",175.0000,172.2481,227.9742,116.5220,2.7519,28.4322,0.0968,147.4278,-0.000139,1.1742
"Friday, March 26, 1982",197.0000,161.3405,217.0666,105.6145,35.6595,28.4322,1.2542,153.3406,0.005774,1.1244
"Friday, April 2, 1982",108.0000,138.3805,194.1066,82.6544,-30.3805,28.4322,-1.0685,147.2372,-0.000335,0.8757
"Friday, April 9, 1982",160.0000,170.3452,226.0712,114.6191,-10.3452,28.4322,-0.3639,145.6142,-0.001958,1.1478
"Friday, April 16, 1982",148.0000,153.7499,209.4759,98.0238,-5.7499,28.4322,-0.2022,144.6241,-0.002946,1.0507
"Friday, April 23, 1982",202.0000,167.8050,223.5311,112.0789,34.1950,28.4322,1.2027,149.9690,0.002402,1.1898
"Friday, April 30, 1982",176.0000,167.0320,222.7581,111.3060,8.9680,28.4322,0.3154,151.4325,0.003863,1.1214
"Friday, May 7, 1982",195.0000,183.9255,239.6516,128.1994,11.0745,28.4322,0.3895,153.0910,0.005518,1.2239
"Friday, May 14, 1982",155.0000,169.6349,225.3609,113.9088,-14.6349,28.4322,-0.5147,150.6998,0.003121,1.0955
"Friday, May 21, 1982",210.0000,171.3156,227.0417,115.5896,38.6844,28.4322,1.3606,156.8781,0.009296,1.1686
"Friday, May 28, 1982",149.0000,177.8655,233.5916,122.1395,-28.8655,28.4322,-1.0152,152.2671,0.004676,1.1092
"Friday, June 4, 1982",192.0000,173.8783,229.6044,118.1523,18.1217,28.4322,0.6374,155.1516,0.007556,1.1570
"Friday, June 11, 1982",187.0000,178.8631,234.5891,123.1370,8.1369,28.4322,0.2862,156.4400,0.008837,1.1595
"Friday, June 18, 1982",136.0000,154.2778,210.0038,98.5517,-18.2778,28.4322,-0.6429,153.0854,0.005473,0.9707
"Friday, June 25, 1982",148.0000,149.1323,204.8584,93.4063,-1.1323,28.4322,-0.0398,152.8800,0.005262,0.9732
"Friday, July 2, 1982",151.0000,158.0755,213.8016,102.3494,-7.0755,28.4322,-0.2489,151.6434,0.004021,1.0279
"Friday, July 9, 1982",152.0000,159.8882,215.6142,104.1621,-7.8882,28.4322,-0.2774,150.2898,0.002663,1.0476
"Friday, July 16, 1982",125.0000,132.3378,188.0638,76.6117,-7.3378,28.4322,-0.2581,148.7803,0.001151,0.8742
"Friday, July 23, 1982",151.0000,135.4725,191.1985,79.7464,15.5275,28.4322,0.5461,151.8759,0.004245,0.9238
"Friday, July 30, 1982",111.0000,116.6730,172.3990,60.9469,-5.6730,28.4322,-0.1995,150.5401,0.002905,0.7633
"Friday, August 6, 1982",124.0000,124.7143,180.4403,68.9882,-0.7143,28.4322,-0.0251,150.3866,0.002749,0.8278
"Friday, August 13, 1982",136.0000,124.5054,180.2314,68.7793,11.4946,28.4322,0.4043,152.9088,0.005268,0.8376
"Friday, August 20, 1982",99.0000,114.6282,170.3543,58.9021,-15.6282,28.4322,-0.5497,149.1309,0.001485,0.7361
"Friday, August 27, 1982",143.0000,128.2960,184.0221,72.5700,14.7040,28.4322,0.5172,152.2340,0.004587,0.8728
"Friday, September 3, 1982",146.0000,136.7393,192.4654,81.0133,9.2607,28.4322,0.3257,154.1095,0.006458,0.9060
"Friday, September 10, 1982",118.0000,133.0545,188.7806,77.3284,-15.0545,28.4322,-0.5295,150.9517,0.003293,0.8505
"Friday, September 17, 1982",129.0000,137.9784,193.7044,82.2523,-8.9784,28.4322,-0.3158,149.1725,0.001511,0.9063
"Friday, September 24, 1982",170.0000,150.7427,206.4688,95.0167,19.2573,28.4322,0.6773,152.6322,0.004969,1.0268
"Friday, October 1, 1982",118.0000,128.8748,184.6009,73.1487,-10.8748,28.4322,-0.3825,150.2999,0.002632,0.8350
"Friday, October 8, 1982",152.0000,146.7527,202.4788,91.0267,5.2473,28.4322,0.1846,151.2777,0.003607,0.9809
"Friday, October 15, 1982",156.0000,153.9036,209.6297,98.1776,2.0964,28.4322,0.0737,151.6553,0.003981,1.0191
"Friday, October 22, 1982",167.0000,158.2873,214.0134,102.5612,8.7127,28.4322,0.3064,153.1741,0.005496,1.0511
"Friday, October 29, 1982",165.0000,156.3290,212.0550,100.6029,8.6710,28.4322,0.3050,154.7214,0.007038,1.0278
"Friday, November 5, 1982",195.0000,173.4256,229.1517,117.6996,21.5744,28.4322,0.7588,158.2213,0.0105,1.1385
"Friday, November 12, 1982",145.0000,150.4073,206.1334,94.6813,-5.4073,28.4322,-0.1902,157.1996,0.009498,0.9461
"Friday, November 19, 1982",160.0000,160.5055,216.2315,104.7794,-0.5055,28.4322,-0.0178,157.1192,0.009408,1.0206
"Friday, November 26, 1982",159.0000,147.3340,203.0601,91.6080,11.6660,28.4322,0.4103,159.3863,0.0117,0.9471
"Friday, December 3, 1982",166.0000,162.8138,218.5398,107.0877,3.1862,28.4322,0.1121,159.9640,0.0122,1.0240
"Friday, December 10, 1982",161.0000,148.5140,204.2401,92.7879,12.4860,28.4322,0.4392,162.4169,0.0147,0.9383
"Friday, December 17, 1982",133.0000,115.1050,170.8310,59.3789,17.8950,28.4322,0.6294,167.0140,0.0193,0.7225
"Friday, December 24, 1982",104.0000,104.3512,160.0773,48.6251,-0.3512,28.4322,-0.0124,166.9313,0.0192,0.6245
"Friday, December 31, 1982",113.0000,132.5212,188.2472,76.7951,-19.5212,28.4322,-0.6866,162.4877,0.0147,0.7783
"Friday, January 7, 1983",145.0000,149.0407,204.7668,93.3147,-4.0407,28.4322,-0.1421,161.7029,0.0139,0.9139
"Friday, January 14, 1983",177.0000,149.6814,205.4075,93.9553,27.3186,28.4322,0.9608,167.0728,0.0192,0.9467
"Friday, January 21, 1983",191.0000,176.0238,231.7499,120.2978,14.9762,28.4322,0.5267,169.6717,0.0218,1.0649
"Friday, January 28, 1983",227.0000,189.9602,245.6863,134.2341,37.0398,28.4322,1.3027,175.6978,0.0278,1.1467
"Friday, February 4, 1983",189.0000,208.9420,264.6681,153.2159,-19.9420,28.4322,-0.7014,172.6822,0.0248,1.1741
"Friday, February 11, 1983",159.0000,192.2165,247.9426,136.4905,-33.2165,28.4322,-1.1683,167.2912,0.0194,1.0873
"Friday, February 18, 1983",242.0000,188.8076,244.5336,133.0815,53.1924,28.4322,1.8709,175.8641,0.0279,1.1676
"Friday, February 25, 1983",224.0000,209.5659,265.2919,153.8398,14.4341,28.4322,0.5077,178.0904,0.0301,1.2019
"Friday, March 4, 1983",202.0000,207.1525,262.8786,151.4264,-5.1525,28.4322,-0.1812,177.3166,0.0293,1.1592
"Friday, March 11, 1983",231.0000,199.7296,255.4557,144.0035,31.2704,28.4322,1.0998,182.3844,0.0344,1.1484
"Friday, March 18, 1983",234.0000,214.1877,269.9138,158.4617,19.8123,28.4322,0.6968,185.4807,0.0374,1.1880
"Friday, March 25, 1983",115.0000,208.5989,264.3249,152.8728,-93.5989,28.4322,-3.2920,170.4126,0.0223,1.0535
"Friday, April 1, 1983",162.0000,149.2583,204.9844,93.5323,12.7417,28.4322,0.4481,173.0751,0.0250,0.8853
"Friday, April 8, 1983",191.0000,198.6789,254.4050,142.9529,-7.6789,28.4322,-0.2701,171.8860,0.0237,1.1420
"Friday, April 15, 1983",215.0000,180.6341,236.3602,124.9081,34.3659,28.4322,1.2087,177.8447,0.0297,1.0757
"Friday, April 22, 1983",178.0000,211.6284,267.3545,155.9024,-33.6284,28.4322,-1.1828,172.7454,0.0245,1.1646
"Friday, April 29, 1983",186.0000,193.7459,249.4719,138.0198,-7.7459,28.4322,-0.2724,171.5165,0.0233,1.1156
"Friday, May 6, 1983",170.0000,209.9449,265.6710,154.2189,-39.9449,28.4322,-1.4049,165.6172,0.0174,1.1927
"Friday, May 13, 1983",177.0000,181.4494,237.1755,125.7233,-4.4494,28.4322,-0.1565,164.8976,0.0166,1.0920
"Friday, May 20, 1983",136.0000,192.7241,248.4501,136.9980,-56.7241,28.4322,-1.9951,156.1061,0.007826,1.1217
"Friday, May 27, 1983",245.0000,173.1656,228.8917,117.4395,71.8344,28.4322,2.5265,167.8657,0.0196,1.1645
"Friday, June 3, 1983",180.0000,194.2405,249.9665,138.5144,-14.2405,28.4322,-0.5009,165.6518,0.0173,1.1459
"Friday, June 10, 1983",185.0000,192.0919,247.8179,136.3658,-7.0919,28.4322,-0.2494,164.5592,0.0162,1.1539
"Friday, June 17, 1983",164.0000,159.7532,215.4793,104.0271,4.2468,28.4322,0.1494,165.3694,0.0170,0.9740
"Friday, June 24, 1983",139.0000,160.9517,216.6777,105.2256,-21.9517,28.4322,-0.7721,161.2932,0.0129,0.9556
"Friday, July 1, 1983",160.0000,165.8100,221.5361,110.0840,-5.8100,28.4322,-0.2043,160.2805,0.0119,1.0232
"Friday, July 8, 1983",165.0000,167.9160,223.6421,112.1900,-2.9160,28.4322,-0.1026,159.7873,0.0114,1.0452
"Friday, July 15, 1983",118.0000,139.6902,195.4162,83.9641,-21.6902,28.4322,-0.7629,155.2961,0.006901,0.8561
"Friday, July 22, 1983",154.0000,143.4618,199.1879,87.7358,10.5382,28.4322,0.3706,157.3731,0.008971,0.9324
"Friday, July 29, 1983",120.0000,120.1333,175.8594,64.4073,-0.1333,28.4322,-0.004690,157.3504,0.008940,0.7632
"Friday, August 5, 1983",157.0000,130.2646,185.9906,74.5385,26.7354,28.4322,0.9403,163.2200,0.0148,0.8490
"Friday, August 12, 1983",105.0000,136.7252,192.4512,80.9991,-31.7252,28.4322,-1.1158,156.3616,0.007927,0.8114
"Friday, August 19, 1983",133.0000,115.1016,170.8277,59.3755,17.8984,28.4322,0.6295,160.7819,0.0123,0.7505
"Friday, August 26, 1983",140.0000,140.3348,196.0609,84.6088,-0.3348,28.4322,-0.0118,160.7246,0.0123,0.8725
"Friday, September 2, 1983",166.0000,145.6202,201.3463,89.8942,20.3798,28.4322,0.7168,164.8190,0.0164,0.9219
"Friday, September 9, 1983",151.0000,140.1853,195.9114,84.4592,10.8147,28.4322,0.3804,167.1429,0.0187,0.8588
"Friday, September 16, 1983",127.0000,151.4920,207.2181,95.7660,-24.4920,28.4322,-0.8614,162.2574,0.0138,0.8868
"Friday, September 23, 1983",175.0000,166.6225,222.3485,110.8964,8.3775,28.4322,0.2947,163.7517,0.0152,1.0334
"Friday, September 30, 1983",137.0000,136.7412,192.4673,81.0152,0.2588,28.4322,0.009101,163.8232,0.0153,0.8352
"Friday, October 7, 1983",162.0000,160.7031,216.4292,104.9771,1.2969,28.4322,0.0456,164.0784,0.0155,0.9819
"Friday, October 14, 1983",157.0000,167.2313,222.9574,111.5053,-10.2313,28.4322,-0.3599,162.2721,0.0137,1.0110
"Friday, October 21, 1983",184.0000,170.5708,226.2969,114.8447,13.4292,28.4322,0.4723,164.6044,0.0160,1.0616
"Friday, October 28, 1983",199.0000,169.1968,224.9229,113.4708,29.8032,28.4322,1.0482,169.8823,0.0213,1.0505
"Friday, November 4, 1983",201.0000,193.4274,249.1535,137.7014,7.5726,28.4322,0.2663,171.1107,0.0225,1.1442
"Friday, November 11, 1983",217.0000,161.9103,217.6363,106.1842,55.0897,28.4322,1.9376,181.6994,0.0331,0.9853
"Friday, November 18, 1983",213.0000,185.4676,241.1937,129.7415,27.5324,28.4322,0.9684,186.6280,0.0380,1.0396
"Friday, November 25, 1983",184.0000,176.7951,232.5212,121.0691,7.2049,28.4322,0.2534,188.0464,0.0393,0.9521
"Friday, December 2, 1983",233.0000,192.6002,248.3263,136.8742,40.3998,28.4322,1.4209,195.2450,0.0465,1.0507
"Friday, December 9, 1983",195.0000,183.2383,238.9644,127.5123,11.7617,28.4322,0.4137,197.5662,0.0488,0.9460
"Friday, December 16, 1983",148.0000,142.7725,198.4986,87.0464,5.2275,28.4322,0.1839,198.9279,0.0501,0.7259
"Friday, December 23, 1983",109.0000,124.2540,179.9801,68.5280,-15.2540,28.4322,-0.5365,194.5453,0.0457,0.6143
"Friday, December 30, 1983",189.0000,151.4415,207.1676,95.7155,37.5585,28.4322,1.3210,203.3484,0.0544,0.8021
"Friday, January 6, 1984",193.0000,185.8963,241.6224,130.1703,7.1037,28.4322,0.2498,204.8132,0.0558,0.9184
"Friday, January 13, 1984",171.0000,193.9496,249.6757,138.2236,-22.9496,28.4322,-0.8072,200.4701,0.0514,0.9319
"Friday, January 20, 1984",243.0000,213.5267,269.2528,157.8007,29.4733,28.4322,1.0366,205.5441,0.0564,1.0834
"Friday, January 27, 1984",218.0000,235.7548,291.4809,180.0288,-17.7548,28.4322,-0.6245,202.7908,0.0536,1.1354
"Friday, February 3, 1984",259.0000,238.1606,293.8867,182.4346,20.8394,28.4322,0.7329,206.0652,0.0569,1.1872
"Friday, February 10, 1984",231.0000,224.1192,279.8453,168.3932,6.8808,28.4322,0.2420,207.2704,0.0580,1.0916
"Friday, February 17, 1984",195.0000,242.0681,297.7942,186.3421,-47.0681,28.4322,-1.6555,200.0130,0.0507,1.1372
"Friday, February 24, 1984",209.0000,240.4599,296.1859,184.7338,-31.4599,28.4322,-1.1065,195.3139,0.0459,1.1811
"Friday, March 2, 1984",228.0000,226.4684,282.1944,170.7423,1.5316,28.4322,0.0539,195.5996,0.0462,1.1602
"Friday, March 9, 1984",232.0000,224.6726,280.3987,168.9465,7.3274,28.4322,0.2577,196.8037,0.0473,1.1532
"Friday, March 16, 1984",243.0000,233.8497,289.5758,178.1237,9.1503,28.4322,0.3218,198.2488,0.0487,1.1939
"Friday, March 23, 1984",171.0000,208.8983,264.6243,153.1722,-37.8983,28.4322,-1.3329,191.7693,0.0422,1.0279
"Friday, March 30, 1984",187.0000,169.8031,225.5291,114.0770,17.1969,28.4322,0.6048,195.3366,0.0457,0.8966
"Friday, April 6, 1984",234.0000,223.1262,278.8523,167.4002,10.8738,28.4322,0.3824,197.1102,0.0475,1.1491
"Friday, April 13, 1984",161.0000,212.0849,267.8110,156.3588,-51.0849,28.4322,-1.7967,188.5401,0.0388,1.0407
"Friday, April 20, 1984",156.0000,219.6218,275.3479,163.8957,-63.6218,28.4322,-2.2377,178.6657,0.0289,1.1186
"Friday, April 27, 1984",172.0000,199.3474,255.0734,143.6213,-27.3474,28.4322,-0.9618,174.2462,0.0245,1.0953
"Friday, May 4, 1984",233.0000,207.8574,263.5834,152.1313,25.1426,28.4322,0.8843,178.0959,0.0283,1.2110
"Friday, May 11, 1984",179.0000,194.5107,250.2367,138.7846,-15.5107,28.4322,-0.5455,175.5467,0.0257,1.0806
"Friday, May 18, 1984",216.0000,196.9381,252.6642,141.2121,19.0619,28.4322,0.6704,178.6562,0.0288,1.1355
"Friday, May 25, 1984",207.0000,208.0799,263.8059,152.3538,-1.0799,28.4322,-0.0380,178.5168,0.0286,1.1637
"Friday, June 1, 1984",180.0000,204.5912,260.3173,148.8651,-24.5912,28.4322,-0.8649,174.6511,0.0247,1.1277
"Friday, June 8, 1984",190.0000,201.5626,257.2886,145.8365,-11.5626,28.4322,-0.4067,172.8575,0.0229,1.1453
"Friday, June 15, 1984",172.0000,168.3884,224.1144,112.6623,3.6116,28.4322,0.1270,173.5533,0.0236,0.9767
"Friday, June 22, 1984",177.0000,165.8708,221.5969,110.1447,11.1292,28.4322,0.3914,175.6903,0.0257,0.9638
"Friday, June 29, 1984",219.0000,179.7994,235.5255,124.0733,39.2006,28.4322,1.3787,182.6680,0.0327,1.0510
"Friday, July 6, 1984",204.0000,190.9593,246.6854,135.2332,13.0407,28.4322,0.4587,184.9647,0.0349,1.0543
"Friday, July 13, 1984",175.0000,158.3820,214.1081,102.6559,16.6180,28.4322,0.5845,188.5220,0.0385,0.8675
"Friday, July 20, 1984",168.0000,175.8147,231.5407,120.0886,-7.8147,28.4322,-0.2749,187.0396,0.0369,0.9270
"Friday, July 27, 1984",154.0000,142.7793,198.5053,87.0532,11.2207,28.4322,0.3946,189.7444,0.0396,0.7709
"Friday, August 3, 1984",148.0000,161.1221,216.8481,105.3960,-13.1221,28.4322,-0.4615,186.9792,0.0368,0.8399
"Friday, August 10, 1984",149.0000,151.7425,207.4685,96.0164,-2.7425,28.4322,-0.0965,186.4027,0.0362,0.8095
"Friday, August 17, 1984",187.0000,139.9164,195.6425,84.1903,47.0836,28.4322,1.6560,197.8237,0.0476,0.7812
"Friday, August 24, 1984",163.0000,172.6409,228.3670,116.9149,-9.6409,28.4322,-0.3391,195.8661,0.0456,0.8661
"Friday, August 31, 1984",133.0000,180.6164,236.3424,124.8903,-47.6164,28.4322,-1.6747,186.5393,0.0362,0.8890
"Friday, September 7, 1984",178.0000,160.2339,215.9599,104.5078,17.7661,28.4322,0.6249,190.3294,0.0399,0.8709
"Friday, September 14, 1984",202.0000,168.8122,224.5383,113.0862,33.1878,28.4322,1.1673,197.1608,0.0467,0.9085
"Friday, September 21, 1984",237.0000,203.7989,259.5250,148.0729,33.2011,28.4322,1.1677,203.0375,0.0526,1.0545
"Friday, September 28, 1984",182.0000,169.6164,225.3425,113.8904,12.3836,28.4322,0.4355,205.7807,0.0553,0.8430
"Friday, October 5, 1984",183.0000,202.1071,257.8331,146.3810,-19.1071,28.4322,-0.6720,202.3047,0.0517,0.9697
"Friday, October 12, 1984",243.0000,204.5772,260.3033,148.8511,38.4228,28.4322,1.3514,209.2531,0.0586,1.0347
"Friday, October 19, 1984",195.0000,222.2034,277.9295,166.4774,-27.2034,28.4322,-0.9568,204.6617,0.0540,1.0444
"Friday, October 26, 1984",192.0000,215.0462,270.7723,159.3201,-23.0462,28.4322,-0.8106,200.7345,0.0500,1.0356
"Friday, November 2, 1984",186.0000,229.7318,285.4578,174.0057,-43.7318,28.4322,-1.5381,193.8487,0.0431,1.1150
"Friday, November 9, 1984",166.0000,191.0365,246.7626,135.3105,-25.0365,28.4322,-0.8806,189.2806,0.0384,0.9682
"Friday, November 16, 1984",250.0000,196.8181,252.5442,141.0921,53.1819,28.4322,1.8705,198.6020,0.0477,1.0742
"Friday, November 23, 1984",216.0000,189.1284,244.8545,133.4024,26.8716,28.4322,0.9451,203.7714,0.0529,0.9691
"Friday, November 30, 1984",193.0000,214.1648,269.8909,158.4388,-21.1648,28.4322,-0.7444,200.1690,0.0492,1.0371
"Friday, December 7, 1984",225.0000,189.4008,245.1269,133.6748,35.5992,28.4322,1.2521,207.0471,0.0560,0.9682
"Friday, December 14, 1984",156.0000,150.3306,206.0567,94.6045,5.6694,28.4322,0.1994,208.5205,0.0574,0.7294
"Friday, December 21, 1984",128.0000,128.1361,183.8622,72.4101,-0.1361,28.4322,-0.004787,208.5377,0.0574,0.6142
"Friday, December 28, 1984",134.0000,167.3175,223.0435,111.5914,-33.3175,28.4322,-1.1718,201.0577,0.0499,0.7807
"Friday, January 4, 1985",222.0000,157.0064,212.7325,101.2804,64.9936,28.4322,2.2859,216.2143,0.0650,0.8195
"Friday, January 11, 1985",208.0000,198.6336,254.3597,142.9075,9.3664,28.4322,0.3294,218.1299,0.0668,0.9240
"Friday, January 18, 1985",215.0000,203.3401,259.0661,147.6140,11.6599,28.4322,0.4101,220.4672,0.0691,0.9387
"Friday, January 25, 1985",178.0000,238.9248,294.6508,183.1987,-60.9248,28.4322,-2.1428,210.3315,0.0589,1.0460
"Friday, February 1, 1985",212.0000,238.8676,294.5937,183.1416,-26.8676,28.4322,-0.9450,206.0961,0.0546,1.1185
"Friday, February 8, 1985",241.0000,244.7358,300.4619,189.0098,-3.7358,28.4322,-0.1314,205.5797,0.0540,1.1848
"Friday, February 15, 1985",169.0000,224.4701,280.1962,168.7440,-55.4701,28.4322,-1.9510,196.4126,0.0448,1.0551
"Friday, February 22, 1985",225.0000,223.4032,279.1293,167.6772,1.5968,28.4322,0.0562,196.7122,0.0451,1.1382
"Friday, March 1, 1985",258.0000,232.3917,288.1177,176.6656,25.6083,28.4322,0.9007,200.6917,0.0490,1.1976
"Friday, March 8, 1985",170.0000,232.9090,288.6351,177.1830,-62.9090,28.4322,-2.2126,190.9016,0.0392,1.1177
"Friday, March 15, 1985",226.0000,220.1879,275.9139,164.4618,5.8121,28.4322,0.2044,191.8554,0.0401,1.1571
"Friday, March 22, 1985",202.0000,229.1069,284.8330,173.3809,-27.1069,28.4322,-0.9534,187.7754,0.0359,1.1753
"Friday, March 29, 1985",162.0000,193.0568,248.7829,137.3307,-31.0568,28.4322,-1.0923,182.3288,0.0305,1.0059
"Friday, April 5, 1985",186.0000,163.5094,219.2354,107.7833,22.4906,28.4322,0.7910,186.9110,0.0350,0.9122
"Friday, April 12, 1985",255.0000,214.8243,270.5503,159.0982,40.1757,28.4322,1.4130,193.2904,0.0414,1.1760
"Friday, April 19, 1985",193.0000,201.2023,256.9284,145.4762,-8.2023,28.4322,-0.2885,191.9015,0.0399,1.0352
"Friday, April 26, 1985",216.0000,214.7084,270.4344,158.9823,1.2916,28.4322,0.0454,192.1510,0.0401,1.1195
"Friday, May 3, 1985",169.0000,210.5071,266.2332,154.7811,-41.5071,28.4322,-1.4599,185.3145,0.0333,1.0664
"Friday, May 10, 1985",229.0000,224.4495,280.1756,168.7235,4.5505,28.4322,0.1600,186.0296,0.0339,1.2141
"Friday, May 17, 1985",243.0000,201.0566,256.7827,145.3305,41.9434,28.4322,1.4752,193.1072,0.0410,1.1086
"Friday, May 24, 1985",160.0000,219.3149,275.0409,163.5888,-59.3149,28.4322,-2.0862,183.6689,0.0315,1.0938
"Friday, May 31, 1985",211.0000,213.7767,269.5028,158.0507,-2.7767,28.4322,-0.0977,183.2674,0.0311,1.1618
"Friday, June 7, 1985",233.0000,206.7036,262.4296,150.9775,26.2964,28.4322,0.9249,187.5300,0.0353,1.1458
"Friday, June 14, 1985",232.0000,214.8153,270.5413,159.0892,17.1847,28.4322,0.6044,190.2881,0.0380,1.1569
"Friday, June 21, 1985",204.0000,185.8924,241.6185,130.1664,18.1076,28.4322,0.6369,193.6904,0.0414,0.9888
"Friday, June 28, 1985",180.0000,186.7162,242.4423,130.9902,-6.7162,28.4322,-0.2362,192.4673,0.0401,0.9593
"Friday, July 5, 1985",230.0000,202.3178,258.0439,146.5917,27.6822,28.4322,0.9736,197.2871,0.0449,1.0691
"Friday, July 12, 1985",219.0000,208.0494,263.7754,152.3233,10.9506,28.4322,0.3851,199.2168,0.0468,1.0614
"Friday, July 19, 1985",208.0000,172.8628,228.5888,117.1367,35.1372,28.4322,1.2358,206.6136,0.0541,0.8895
"Friday, July 26, 1985",149.0000,191.5825,247.3085,135.8564,-42.5825,28.4322,-1.4977,198.3321,0.0458,0.8993
"Friday, August 2, 1985",151.0000,152.9201,208.6462,97.1941,-1.9201,28.4322,-0.0675,197.9259,0.0454,0.7696
"Friday, August 9, 1985",139.0000,166.2780,222.0041,110.5520,-27.2780,28.4322,-0.9594,192.0778,0.0395,0.8216
"Friday, August 16, 1985",144.0000,155.5164,211.2425,99.7903,-11.5164,28.4322,-0.4050,189.5356,0.0369,0.8016
"Friday, August 23, 1985",131.0000,148.0968,203.8228,92.3707,-17.0968,28.4322,-0.6013,185.6012,0.0329,0.7693
"Friday, August 30, 1985",170.0000,160.7837,216.5098,105.0576,9.2163,28.4322,0.3242,187.5650,0.0348,0.8725
"Friday, September 6, 1985",180.0000,166.7672,222.4933,111.0412,13.2328,28.4322,0.4654,190.3011,0.0375,0.8979
"Friday, September 13, 1985",172.0000,165.7609,221.4869,110.0348,6.2391,28.4322,0.2194,191.6386,0.0388,0.8751
"Friday, September 20, 1985",185.0000,174.1403,229.8664,118.4142,10.8597,28.4322,0.3820,193.8466,0.0410,0.9157
"Friday, September 27, 1985",176.0000,204.4638,260.1898,148.7377,-28.4638,28.4322,-1.0011,188.9896,0.0361,1.0351
"Friday, October 4, 1985",252.0000,159.3397,215.0658,103.6137,92.6603,28.4322,3.2590,208.9729,0.0561,0.9002
"Friday, October 11, 1985",184.0000,202.6919,258.4179,146.9658,-18.6919,28.4322,-0.6574,205.5310,0.0526,0.9579
"Friday, October 18, 1985",275.0000,212.7162,268.4423,156.9902,62.2838,28.4322,2.1906,216.5068,0.0635,1.0719
"Friday, October 25, 1985",325.0000,226.1903,281.9164,170.4643,98.8097,28.4322,3.4753,233.7381,0.0807,1.0990
"Friday, November 1, 1985",243.0000,242.1500,297.8761,186.4240,0.8500,28.4322,0.0299,233.9677,0.0808,1.0361
"Friday, November 8, 1985",326.0000,260.9704,316.6965,205.2444,65.0296,28.4322,2.2872,244.6316,0.0914,1.1494
"Friday, November 15, 1985",266.0000,236.9376,292.6636,181.2115,29.0624,28.4322,1.0222,250.1701,0.0968,0.9832
"Friday, November 22, 1985",235.0000,268.8376,324.5636,213.1115,-33.8376,28.4322,-1.1901,244.5508,0.0911,1.0563
"Friday, November 29, 1985",274.0000,237.0838,292.8099,181.3577,36.9162,28.4322,1.2984,251.5544,0.0980,0.9881
"Friday, December 6, 1985",204.0000,260.9821,316.7082,205.2560,-56.9821,28.4322,-2.0041,241.6819,0.0881,1.0066
"Friday, December 13, 1985",243.0000,234.0776,289.8037,178.3516,8.9224,28.4322,0.3138,243.4422,0.0897,0.9729
"Friday, December 20, 1985",135.0000,177.6286,233.3547,121.9026,-42.6286,28.4322,-1.4993,232.9264,0.0791,0.7057
"Friday, December 27, 1985",153.0000,143.1231,198.8492,87.3971,9.8769,28.4322,0.3474,235.9234,0.0820,0.6197
"Friday, January 3, 1986",256.0000,193.4161,249.1422,137.6900,62.5839,28.4322,2.2012,249.8628,0.0959,0.8519
"Friday, January 10, 1986",267.0000,230.9518,286.6778,175.2257,36.0482,28.4322,1.2679,257.0385,0.1030,0.9421
"Friday, January 17, 1986",258.0000,241.3900,297.1160,185.6639,16.6100,28.4322,0.5842,260.3523,0.1062,0.9470
"Friday, January 24, 1986",341.0000,272.4296,328.1556,216.7035,68.5704,28.4322,2.4117,272.3548,0.1181,1.0785
"Friday, January 31, 1986",264.0000,304.7645,360.4906,249.0385,-40.7645,28.4322,-1.4337,265.8594,0.1115,1.0987
"Friday, February 7, 1986",310.0000,315.1281,370.8541,259.4020,-5.1281,28.4322,-0.1804,265.1854,0.1107,1.1823
"Friday, February 14, 1986",299.0000,279.9188,335.6448,224.1927,19.0812,28.4322,0.6711,268.5778,0.1140,1.0643
"Friday, February 21, 1986",236.0000,305.8270,361.5530,250.1009,-69.8270,28.4322,-2.4559,257.5593,0.1028,1.1032
"Friday, February 28, 1986",312.0000,308.5742,364.3003,252.8481,3.4258,28.4322,0.1205,258.1812,0.1034,1.1993
"Friday, March 7, 1986",273.0000,288.6790,344.4050,232.9529,-15.6790,28.4322,-0.5515,255.7390,0.1008,1.1098
"Friday, March 14, 1986",284.0000,296.0289,351.7550,240.3029,-12.0289,28.4322,-0.4231,253.9533,0.0989,1.1510
"Friday, March 21, 1986",206.0000,298.5791,354.3052,242.8531,-92.5791,28.4322,-3.2561,239.7578,0.0846,1.1254
"Friday, March 28, 1986",301.0000,241.2635,296.9895,185.5374,59.7365,28.4322,2.1010,250.6186,0.0954,1.0367
"Friday, April 4, 1986",187.0000,228.6956,284.4217,172.9696,-41.6956,28.4322,-1.4665,242.4193,0.0871,0.8900
"Friday, April 11, 1986",320.0000,285.1815,340.9076,229.4555,34.8185,28.4322,1.2246,247.8792,0.0925,1.1941
"Friday, April 18, 1986",278.0000,256.6975,312.4235,200.9714,21.3025,28.4322,0.7492,251.7059,0.0962,1.0461
"Friday, April 25, 1986",248.0000,281.8880,337.6140,226.1619,-33.8880,28.4322,-1.1919,246.3090,0.0907,1.1017
"Friday, May 2, 1986",281.0000,262.7524,318.4784,207.0263,18.2476,28.4322,0.6418,249.5050,0.0938,1.0758
"Friday, May 9, 1986",301.0000,303.0440,358.7701,247.3180,-2.0440,28.4322,-0.0719,249.2933,0.0935,1.2131
"Friday, May 16, 1986",316.0000,276.4800,332.2061,220.7539,39.5200,28.4322,1.3900,255.8555,0.1000,1.1286
"Friday, May 23, 1986",291.0000,279.9528,335.6789,224.2267,11.0472,28.4322,0.3885,257.7883,0.1018,1.0993
"Friday, May 30, 1986",272.0000,299.6085,355.3345,243.8824,-27.6085,28.4322,-0.9710,253.5778,0.0975,1.1477
"Friday, June 6, 1986",292.0000,290.6620,346.3881,234.9360,1.3380,28.4322,0.0471,253.8872,0.0977,1.1465
"Friday, June 13, 1986",323.0000,293.8476,349.5737,238.1215,29.1524,28.4322,1.0253,258.5574,0.1023,1.1715
"Friday, June 20, 1986",289.0000,255.7579,311.4840,200.0319,33.2421,28.4322,1.1692,264.7604,0.1084,1.0050
"Friday, June 27, 1986",270.0000,254.0831,309.8092,198.3571,15.9169,28.4322,0.5598,267.8797,0.1114,0.9670
"Friday, July 4, 1986",303.0000,286.5060,342.2320,230.7799,16.4940,28.4322,0.5801,270.7908,0.1142,1.0770
"Friday, July 11, 1986",305.0000,287.5419,343.2679,231.8158,17.4581,28.4322,0.6140,273.8897,0.1172,1.0696
"Friday, July 18, 1986",226.0000,243.7229,299.4489,187.9968,-17.7229,28.4322,-0.6233,270.3912,0.1136,0.8810
"Friday, July 25, 1986",207.0000,243.2573,298.9833,187.5312,-36.2573,28.4322,-1.2752,263.1885,0.1063,0.8815
"Friday, August 1, 1986",205.0000,202.6315,258.3575,146.9054,2.3685,28.4322,0.0833,263.8532,0.1068,0.7708
"Friday, August 8, 1986",182.0000,216.8601,272.5862,161.1340,-34.8601,28.4322,-1.2261,256.2603,0.0991,0.8040
"Friday, August 15, 1986",205.0000,205.5073,261.2334,149.7813,-0.5073,28.4322,-0.0178,256.2445,0.0990,0.8014
"Friday, August 22, 1986",166.0000,197.2089,252.9350,141.4828,-31.2089,28.4322,-1.0977,248.9821,0.0916,0.7531
"Friday, August 29, 1986",165.0000,217.3119,273.0379,161.5858,-52.3119,28.4322,-1.8399,238.1936,0.0808,0.8441
"Friday, September 5, 1986",263.0000,213.9548,269.6809,158.2288,49.0452,28.4322,1.7250,248.1859,0.0907,0.9235
"Friday, September 12, 1986",238.0000,217.2617,272.9878,161.5357,20.7383,28.4322,0.7294,252.5770,0.0950,0.8857
"Friday, September 19, 1986",294.0000,231.3829,287.1089,175.6568,62.6171,28.4322,2.2023,265.0802,0.1074,0.9463
"Friday, September 26, 1986",189.0000,274.4935,330.2196,218.7674,-85.4935,28.4322,-3.0069,250.1996,0.0924,0.9909
"Friday, October 3, 1986",293.0000,225.3212,281.0473,169.5952,67.6788,28.4322,2.3804,263.9343,0.1060,0.9334
"Friday, October 10, 1986",323.0000,252.9334,308.6595,197.2074,70.0666,28.4322,2.4643,277.3132,0.1193,0.9906
"Friday, October 17, 1986",264.0000,297.3682,353.0942,241.6421,-33.3682,28.4322,-1.1736,271.7833,0.1137,1.0560
"Friday, October 24, 1986",297.0000,298.8231,354.5491,243.0970,-1.8231,28.4322,-0.0641,271.5960,0.1134,1.0982
"Friday, October 31, 1986",257.0000,281.5182,337.2443,225.7922,-24.5182,28.4322,-0.8623,267.4152,0.1091,1.0243
"Friday, November 7, 1986",248.0000,307.4837,363.2098,251.7577,-59.4837,28.4322,-2.0921,258.1329,0.0997,1.1196
"Friday, November 14, 1986",249.0000,253.8927,309.6188,198.1666,-4.8927,28.4322,-0.1721,257.3295,0.0988,0.9807
"Friday, November 21, 1986",233.0000,271.9289,327.6550,216.2029,-38.9289,28.4322,-1.3692,250.7408,0.0921,1.0363
"Friday, November 28, 1986",224.0000,247.8388,303.5649,192.1127,-23.8388,28.4322,-0.8384,246.4547,0.0877,0.9756
"Friday, December 5, 1986",331.0000,248.1735,303.8996,192.4475,82.8265,28.4322,2.9131,261.4737,0.1026,1.0475
"Friday, December 12, 1986",197.0000,254.4923,310.2184,198.7663,-57.4923,28.4322,-2.0221,250.8531,0.0919,0.9433
"Friday, December 19, 1986",176.0000,177.1027,232.8288,121.3767,-1.1027,28.4322,-0.0388,250.6615,0.0916,0.7052
"Friday, December 26, 1986",163.0000,155.3807,211.1068,99.6546,7.6193,28.4322,0.2680,252.9844,0.0939,0.6235
"Friday, January 2, 1987",208.0000,215.5968,271.3229,159.8708,-7.5968,28.4322,-0.2672,251.4601,0.0922,0.8480
"Friday, January 9, 1987",215.0000,236.9816,292.7077,181.2556,-21.9816,28.4322,-0.7731,247.3182,0.0880,0.9306
"Friday, January 16, 1987",271.0000,234.2901,290.0161,178.5640,36.7099,28.4322,1.2911,254.4407,0.0950,0.9656
"Friday, January 23, 1987",234.0000,274.5131,330.2392,218.7871,-40.5131,28.4322,-1.4249,247.7190,0.0882,1.0574
"Friday, January 30, 1987",239.0000,272.2672,327.9933,216.5412,-33.2672,28.4322,-1.1701,242.3128,0.0827,1.0810
"Friday, February 6, 1987",262.0000,286.5900,342.3161,230.8640,-24.5900,28.4322,-0.8649,238.6215,0.0790,1.1690
"Friday, February 13, 1987",260.0000,254.0479,309.7740,198.3219,5.9521,28.4322,0.2093,239.7152,0.0800,1.0675
"Friday, February 20, 1987",260.0000,264.5384,320.2645,208.8123,-4.5384,28.4322,-0.1596,239.0487,0.0792,1.1007
"Friday, February 27, 1987",216.0000,286.7877,342.5137,231.0616,-70.7877,28.4322,-2.4897,228.4172,0.0685,1.1593
"Friday, March 6, 1987",177.0000,253.5639,309.2899,197.8378,-76.5639,28.4322,-2.6929,215.9663,0.0560,1.0640
"Friday, March 13, 1987",258.0000,248.6348,304.3609,192.9087,9.3652,28.4322,0.3294,217.4988,0.0575,1.1565
"Friday, March 20, 1987",251.0000,244.8345,300.5606,189.1084,6.1655,28.4322,0.2168,218.5505,0.0585,1.1290
"Friday, March 27, 1987",199.0000,226.6355,282.3615,170.9094,-27.6355,28.4322,-0.9720,213.7717,0.0536,1.0200
"Friday, April 3, 1987",186.0000,190.2956,246.0216,134.5695,-4.2956,28.4322,-0.1511,212.9495,0.0528,0.8874
"Friday, April 10, 1987",191.0000,254.3504,310.0765,198.6244,-63.3504,28.4322,-2.2281,203.3752,0.0431,1.1539
"Friday, April 17, 1987",193.0000,212.8003,268.5264,157.0743,-19.8003,28.4322,-0.6964,199.9837,0.0397,1.0333
"Friday, April 24, 1987",238.0000,220.3675,276.0936,164.6414,17.6325,28.4322,0.6202,202.9277,0.0426,1.1129
"Friday, May 1, 1987",207.0000,218.3582,274.0843,162.6322,-11.3582,28.4322,-0.3995,201.0544,0.0407,1.0685
"Friday, May 8, 1987",222.0000,243.9415,299.6675,188.2154,-21.9415,28.4322,-0.7717,197.8128,0.0374,1.1987
"Friday, May 15, 1987",245.0000,223.2924,279.0185,167.5663,21.7076,28.4322,0.7635,201.3406,0.0409,1.1425
"Friday, May 22, 1987",196.0000,221.3769,277.1030,165.6509,-25.3769,28.4322,-0.8925,197.1924,0.0367,1.0827
"Friday, May 29, 1987",197.0000,226.3604,282.0864,170.6343,-29.3604,28.4322,-1.0326,192.5869,0.0321,1.1280
"Friday, June 5, 1987",173.0000,220.8346,276.5606,165.1085,-47.8346,28.4322,-1.6824,185.0478,0.0245,1.1131
"Friday, June 12, 1987",170.0000,216.8148,272.5409,161.0887,-46.8148,28.4322,-1.6465,177.8208,0.0172,1.1375
"Friday, June 19, 1987",189.0000,178.7274,234.4535,123.0014,10.2726,28.4322,0.3613,179.6929,0.0191,1.0124
"Friday, June 26, 1987",185.0000,173.7734,229.4994,118.0473,11.2266,28.4322,0.3949,181.8188,0.0212,0.9749
"Friday, July 3, 1987",155.0000,195.8337,251.5598,140.1076,-40.8337,28.4322,-1.4362,174.9596,0.0143,1.0468
"Friday, July 10, 1987",193.0000,187.1603,242.8863,131.4342,5.8397,28.4322,0.2054,175.9647,0.0153,1.0739
"Friday, July 17, 1987",153.0000,155.0401,210.7661,99.3140,-2.0401,28.4322,-0.0718,175.5598,0.0149,0.8795
"Friday, July 24, 1987",160.0000,154.7647,210.4907,99.0386,5.2353,28.4322,0.1841,176.6524,0.0160,0.8853
"Friday, July 31, 1987",162.0000,136.1688,191.8948,80.4427,25.8312,28.4322,0.9085,182.7500,0.0220,0.7890
"Friday, August 7, 1987",165.0000,146.9470,202.6731,91.2210,18.0530,28.4322,0.6349,186.8466,0.0261,0.8165
"Friday, August 14, 1987",139.0000,149.7564,205.4825,94.0304,-10.7564,28.4322,-0.3783,184.4371,0.0237,0.7938
"Friday, August 21, 1987",150.0000,138.9215,194.6476,83.1955,11.0785,28.4322,0.3896,187.1301,0.0264,0.7608
"Friday, August 28, 1987",131.0000,157.9805,213.7065,102.2544,-26.9805,28.4322,-0.9489,181.3563,0.0206,0.8249
"Friday, September 4, 1987",145.0000,167.4949,223.2209,111.7688,-22.4949,28.4322,-0.7912,176.9565,0.0161,0.9070
"Friday, September 11, 1987",176.0000,156.7423,212.4683,101.0162,19.2577,28.4322,0.6773,180.9183,0.0201,0.8994
"Friday, September 18, 1987",143.0000,171.2147,226.9407,115.4886,-28.2147,28.4322,-0.9923,175.5277,0.0147,0.9255
"Friday, September 25, 1987",147.0000,173.9536,229.6797,118.2276,-26.9536,28.4322,-0.9480,170.6066,0.009734,0.9705
"Friday, October 2, 1987",113.0000,159.2462,214.9723,103.5202,-46.2462,28.4322,-1.6265,161.6251,0.000743,0.8964
"Friday, October 9, 1987",164.0000,160.1024,215.8285,104.3764,3.8976,28.4322,0.1371,162.3398,0.001457,0.9937
"Friday, October 16, 1987",146.0000,171.4320,227.1580,115.7059,-25.4320,28.4322,-0.8945,157.9710,-0.002913,1.0352
"Friday, October 23, 1987",145.0000,173.4748,229.2008,117.7487,-28.4748,28.4322,-1.0015,153.2629,-0.007618,1.0742
"Friday, October 30, 1987",125.0000,156.9727,212.6987,101.2466,-31.9727,28.4322,-1.1245,147.5908,-0.0133,0.9963
"Friday, November 6, 1987",166.0000,165.2276,220.9536,109.5015,0.7724,28.4322,0.0272,147.7027,-0.0132,1.1203
"Friday, November 13, 1987",169.0000,144.8447,200.5707,89.1186,24.1553,28.4322,0.8496,152.1589,-0.008688,1.0012
"Friday, November 20, 1987",161.0000,157.6691,213.3951,101.9430,3.3309,28.4322,0.1172,152.7335,-0.008105,1.0391
"Friday, November 27, 1987",140.0000,148.9940,204.7201,93.2679,-8.9940,28.4322,-0.3163,151.0524,-0.009778,0.9679
"Friday, December 4, 1987",120.0000,158.2228,213.9488,102.4967,-38.2228,28.4322,-1.3443,144.4214,-0.0164,1.0133
"Friday, December 11, 1987",119.0000,136.2188,191.9449,80.4927,-17.2188,28.4322,-0.6056,141.0926,-0.0197,0.9275
"Friday, December 18, 1987",76.0000,99.4811,155.2071,43.7550,-23.4811,28.4322,-0.8259,135.0305,-0.0258,0.6827
"Friday, December 25, 1987",153.0000,84.1818,139.9078,28.4557,68.8182,28.4322,2.4204,155.0321,-0.005727,0.6809
"Friday, January 1, 1988",204.0000,131.4616,187.1877,75.7356,72.5384,28.4322,2.5513,170.5490,0.009796,0.9029
"Friday, January 8, 1988",176.0000,158.7212,214.4472,102.9951,17.2788,28.4322,0.6077,173.9281,0.0132,0.9434
"Friday, January 15, 1988",202.0000,167.9618,223.6879,112.2358,34.0382,28.4322,1.1972,180.3379,0.0196,0.9900
"Friday, January 22, 1988",184.0000,190.7025,246.4286,134.9764,-6.7025,28.4322,-0.2357,179.2072,0.0184,1.0525
"Friday, January 29, 1988",253.0000,193.7375,249.4635,138.0114,59.2625,28.4322,2.0843,189.1740,0.0284,1.1214
"Friday, February 5, 1988",192.0000,221.1798,276.9058,165.4537,-29.1798,28.4322,-1.0263,184.6729,0.0238,1.1486
"Friday, February 12, 1988",211.0000,197.1644,252.8905,141.4384,13.8356,28.4322,0.4866,187.0486,0.0262,1.0771
"Friday, February 19, 1988",194.0000,205.9192,261.6453,150.1931,-11.9192,28.4322,-0.4192,185.1098,0.0242,1.0924
"Friday, February 26, 1988",214.0000,214.6207,270.3468,158.8946,-0.6207,28.4322,-0.0218,185.0369,0.0241,1.1588
"Friday, March 4, 1988",195.0000,196.8975,252.6236,141.1715,-1.8975,28.4322,-0.0667,184.7374,0.0238,1.0626
"Friday, March 11, 1988",167.0000,213.6819,269.4080,157.9559,-46.6819,28.4322,-1.6419,177.4366,0.0165,1.1225
"Friday, March 18, 1988",181.0000,200.3496,256.0757,144.6236,-19.3496,28.4322,-0.6806,174.3431,0.0134,1.1147
"Friday, March 25, 1988",207.0000,177.8464,233.5725,122.1204,29.1536,28.4322,1.0254,179.5430,0.0185,1.0410
"Friday, April 1, 1988",223.0000,159.3343,215.0604,103.6082,63.6657,28.4322,2.2392,192.5812,0.0316,0.9301
"Friday, April 8, 1988",225.0000,222.2522,277.9782,166.5261,2.7478,28.4322,0.0966,193.0449,0.0320,1.1557
"Friday, April 15, 1988",178.0000,199.5123,255.2384,143.7863,-21.5123,28.4322,-0.7566,189.2991,0.0282,1.0187
"Friday, April 22, 1988",176.0000,210.7087,266.4347,154.9826,-34.7087,28.4322,-1.2208,183.6680,0.0226,1.0885
"Friday, April 29, 1988",186.0000,196.2763,252.0024,140.5503,-10.2763,28.4322,-0.3614,181.9454,0.0208,1.0612
"Friday, May 6, 1988",210.0000,218.1295,273.8556,162.4034,-8.1295,28.4322,-0.2859,180.7356,0.0196,1.1929
"Friday, May 13, 1988",176.0000,206.5166,262.2426,150.7905,-30.5166,28.4322,-1.0733,175.9083,0.0147,1.1201
"Friday, May 20, 1988",150.0000,190.4661,246.1921,134.7400,-40.4661,28.4322,-1.4232,169.1406,0.007958,1.0518
"Friday, May 27, 1988",235.0000,190.8010,246.5271,135.0749,44.1990,28.4322,1.5545,176.2589,0.0151,1.1604
"Friday, June 3, 1988",162.0000,196.2088,251.9349,140.4828,-34.2088,28.4322,-1.2032,170.6970,0.009492,1.0872
"Friday, June 10, 1988",156.0000,194.1794,249.9054,138.4533,-38.1794,28.4322,-1.3428,164.6158,0.003401,1.1075
"Friday, June 17, 1988",196.0000,166.6582,222.3843,110.9321,29.3418,28.4322,1.0320,169.8785,0.008660,1.0347
"Friday, June 24, 1988",151.0000,165.6284,221.3545,109.9023,-14.6284,28.4322,-0.5145,167.1644,0.005938,0.9636
"Friday, July 1, 1988",165.0000,174.9950,230.7210,119.2689,-9.9950,28.4322,-0.3515,165.4377,0.004205,1.0390
"Friday, July 8, 1988",163.0000,177.6737,233.3997,121.9476,-14.6737,28.4322,-0.5161,162.9625,0.001726,1.0623
"Friday, July 15, 1988",126.0000,143.3284,199.0545,87.6024,-17.3284,28.4322,-0.6095,159.3890,-0.001850,0.8655
"Friday, July 22, 1988",141.0000,141.1060,196.8320,85.3799,-0.1060,28.4322,-0.003727,159.3654,-0.001871,0.8852
"Friday, July 29, 1988",125.0000,125.7408,181.4669,70.0147,-0.7408,28.4322,-0.0261,159.1931,-0.002042,0.7884
"Friday, August 5, 1988",119.0000,129.9751,185.7012,74.2491,-10.9751,28.4322,-0.3860,156.7518,-0.004481,0.8074
"Friday, August 12, 1988",155.0000,124.4336,180.1596,68.7075,30.5664,28.4322,1.0751,163.7345,0.002506,0.8180
"Friday, August 19, 1988",119.0000,124.5662,180.2923,68.8401,-5.5662,28.4322,-0.1958,162.4093,0.001178,0.7563
"Friday, August 26, 1988",149.0000,133.9708,189.6969,78.2448,15.0292,28.4322,0.5286,165.7167,0.004485,0.8366
"Friday, September 2, 1988",121.0000,150.3159,206.0420,94.5899,-29.3159,28.4322,-1.0311,159.8562,-0.001380,0.8834
"Friday, September 9, 1988",148.0000,143.7793,199.5054,88.0533,4.2207,28.4322,0.1484,160.7063,-0.000529,0.9028
"Friday, September 16, 1988",150.0000,148.7323,204.4584,93.0062,1.2677,28.4322,0.0446,160.9543,-0.000280,0.9265
"Friday, September 23, 1988",136.0000,156.2124,211.9385,100.4864,-20.2124,28.4322,-0.7109,157.1749,-0.004060,0.9539
"Friday, September 30, 1988",109.0000,140.8872,196.6133,85.1612,-31.8872,28.4322,-1.1215,150.7157,-0.0105,0.8691
"Friday, October 7, 1988",134.0000,149.7521,205.4782,94.0261,-15.7521,28.4322,-0.5540,147.8285,-0.0134,0.9799
"Friday, October 14, 1988",129.0000,153.0182,208.7443,97.2922,-24.0182,28.4322,-0.8448,143.6049,-0.0176,1.0136
"Friday, October 21, 1988",151.0000,154.2361,209.9621,98.5100,-3.2361,28.4322,-0.1138,143.0406,-0.0181,1.0712
"Friday, October 28, 1988",150.0000,142.4892,198.2153,86.7631,7.5108,28.4322,0.2642,144.3905,-0.0168,1.0030
"Friday, November 4, 1988",164.0000,161.7382,217.4643,106.0122,2.2618,28.4322,0.0796,144.7401,-0.0164,1.1223
"Friday, November 11, 1988",120.0000,144.9040,200.6300,89.1779,-24.9040,28.4322,-0.8759,140.2101,-0.0209,0.9783
"Friday, November 18, 1988",132.0000,145.6692,201.3952,89.9431,-13.6692,28.4322,-0.4808,137.8021,-0.0233,1.0263
"Friday, November 25, 1988",96.0000,133.3528,189.0788,77.6267,-37.3528,28.4322,-1.3137,130.7756,-0.0303,0.9310
"Friday, December 2, 1988",155.0000,132.4904,188.2164,76.7643,22.5096,28.4322,0.7917,134.7762,-0.0263,1.0349
"Friday, December 9, 1988",106.0000,124.9867,180.7127,69.2606,-18.9867,28.4322,-0.6678,131.0354,-0.0300,0.9088
"Friday, December 16, 1988",102.0000,89.4387,145.1648,33.7127,12.5613,28.4322,0.4418,134.3441,-0.0267,0.6948
"Friday, December 23, 1988",84.0000,91.4555,147.1816,35.7294,-7.4555,28.4322,-0.2622,132.3305,-0.0286,0.6736
"Friday, December 30, 1988",160.0000,119.4606,175.1866,63.7345,40.5394,28.4322,1.4258,140.4491,-0.0205,0.9402
"Friday, January 6, 1989",159.0000,132.4843,188.2104,76.7583,26.5157,28.4322,0.9326,145.5287,-0.0154,0.9670
"Friday, January 13, 1989",195.0000,144.0591,199.7852,88.3331,50.9409,28.4322,1.7917,154.8505,-0.006065,1.0325
"Friday, January 20, 1989",169.0000,162.9780,218.7041,107.2519,6.0220,28.4322,0.2118,155.8827,-0.005027,1.0575
"Friday, January 27, 1989",158.0000,174.8073,230.5334,119.0813,-16.8073,28.4322,-0.5911,153.1580,-0.007746,1.1073
"Friday, February 3, 1989",202.0000,175.9084,231.6344,120.1823,26.0916,28.4322,0.9177,157.2724,-0.003624,1.1700
"Friday, February 10, 1989",204.0000,169.3878,225.1139,113.6617,34.6122,28.4322,1.2174,163.1003,0.002207,1.1045
"Friday, February 17, 1989",190.0000,178.1755,233.9015,122.4494,11.8245,28.4322,0.4159,165.0667,0.004172,1.1017
"Friday, February 24, 1989",165.0000,191.2905,247.0166,135.5645,-26.2905,28.4322,-0.9247,160.9540,0.0000546,1.1377
"Friday, March 3, 1989",164.0000,171.0352,226.7612,115.3091,-7.0352,28.4322,-0.2474,159.7527,-0.001147,1.0569
"Friday, March 10, 1989",126.0000,179.3281,235.0542,123.6021,-53.3281,28.4322,-1.8756,151.1308,-0.009767,1.0770
"Friday, March 17, 1989",174.0000,168.4534,224.1794,112.7273,5.5466,28.4322,0.1951,152.0240,-0.008864,1.1194
"Friday, March 24, 1989",200.0000,158.2467,213.9727,102.5206,41.7533,28.4322,1.4685,159.2935,-0.001586,1.0749
"Friday, March 31, 1989",211.0000,148.1509,203.8770,92.4249,62.8491,28.4322,2.2105,171.5544,0.0107,0.9774
"Friday, April 7, 1989",177.0000,198.2812,254.0073,142.5551,-21.2812,28.4322,-0.7485,168.2237,0.007335,1.1394
"Friday, April 14, 1989",182.0000,171.3686,227.0947,115.6425,10.6314,28.4322,0.3739,170.1249,0.009229,1.0267
"Friday, April 21, 1989",159.0000,185.1946,240.9206,129.4685,-26.1946,28.4322,-0.9213,165.7673,0.004862,1.0681
"Friday, April 28, 1989",198.0000,175.9207,231.6467,120.1946,22.0793,28.4322,0.7766,169.5476,0.008637,1.0780
"Friday, May 5, 1989",190.0000,202.2680,257.9941,146.5420,-12.2680,28.4322,-0.4315,167.6901,0.006771,1.1835
"Friday, May 12, 1989",209.0000,187.8390,243.5651,132.1129,21.1610,28.4322,0.7443,171.1251,0.0102,1.1361
"Friday, May 19, 1989",149.0000,179.9933,235.7194,124.2673,-30.9933,28.4322,-1.0901,165.7879,0.004852,1.0276
"Friday, May 26, 1989",193.0000,192.3863,248.1124,136.6603,0.6137,28.4322,0.0216,165.8887,0.004948,1.1609
"Friday, June 2, 1989",152.0000,180.3598,236.0858,124.6337,-28.3598,28.4322,-0.9975,161.1601,0.000215,1.0645
"Friday, June 9, 1989",196.0000,178.4920,234.2181,122.7659,17.5080,28.4322,0.6158,164.0289,0.003083,1.1213
"Friday, June 16, 1989",139.0000,169.7237,225.4498,113.9977,-30.7237,28.4322,-1.0806,158.6437,-0.002305,1.0097
"Friday, June 23, 1989",156.0000,152.8711,208.5972,97.1451,3.1289,28.4322,0.1100,159.2306,-0.001716,0.9662
"Friday, June 30, 1989",134.0000,165.4391,221.1651,109.7130,-31.4391,28.4322,-1.1058,153.7380,-0.007207,1.0126
"Friday, July 7, 1989",167.0000,163.3085,219.0345,107.5824,3.6915,28.4322,0.1298,154.3614,-0.006576,1.0654
"Friday, July 14, 1989",192.0000,133.5886,189.3146,77.8625,58.4114,28.4322,2.0544,166.6021,0.005671,0.9108
"Friday, July 21, 1989",119.0000,147.4841,203.2102,91.7581,-28.4841,28.4322,-1.0018,160.7687,-0.000168,0.8623
"Friday, July 28, 1989",131.0000,126.7527,182.4788,71.0267,4.2473,28.4322,0.1494,161.7461,0.000810,0.7918
"Friday, August 4, 1989",128.0000,130.5989,186.3250,74.8728,-2.5989,28.4322,-0.0914,161.1628,0.000225,0.8053
"Friday, August 11, 1989",139.0000,131.8256,187.5516,76.0995,7.1744,28.4322,0.2523,162.7547,0.001817,0.8237
"Friday, August 18, 1989",131.0000,123.0997,178.8257,67.3736,7.9003,28.4322,0.2779,164.6520,0.003713,0.7625
"Friday, August 25, 1989",111.0000,137.7520,193.4780,82.0259,-26.7520,28.4322,-0.9409,158.8530,-0.002090,0.8149
"Friday, September 1, 1989",131.0000,140.3211,196.0471,84.5950,-9.3211,28.4322,-0.3278,156.9362,-0.004005,0.8757
"Friday, September 8, 1989",110.0000,141.6830,197.4091,85.9570,-31.6830,28.4322,-1.1143,150.5640,-0.0104,0.8756
"Friday, September 15, 1989",138.0000,139.4897,195.2158,83.7637,-1.4897,28.4322,-0.0524,150.2619,-0.0107,0.9252
"Friday, September 22, 1989",149.0000,143.3288,199.0549,87.6027,5.6712,28.4322,0.1995,151.3300,-0.009586,0.9588
"Friday, September 29, 1989",126.0000,131.5071,187.2332,75.7811,-5.5071,28.4322,-0.1937,150.1705,-0.0107,0.8643
"Friday, October 6, 1989",136.0000,147.1432,202.8693,91.4171,-11.1432,28.4322,-0.3919,148.0963,-0.0128,0.9702
"Friday, October 13, 1989",162.0000,150.0965,205.8225,94.3704,11.9035,28.4322,0.4187,150.2145,-0.0107,1.0238
"Friday, October 20, 1989",124.0000,160.9044,216.6304,105.1783,-36.9044,28.4322,-1.2980,143.9524,-0.0169,1.0381
"Friday, October 27, 1989",168.0000,144.3660,200.0921,88.6400,23.6340,28.4322,0.8312,148.2114,-0.0126,1.0236
"Friday, November 3, 1989",155.0000,166.3225,222.0485,110.5964,-11.3225,28.4322,-0.3982,146.3680,-0.0145,1.1123
"Friday, November 10, 1989",151.0000,143.1778,198.9038,87.4517,7.8222,28.4322,0.2751,147.8045,-0.0130,0.9851
"Friday, November 17, 1989",126.0000,151.6748,207.4009,95.9487,-25.6748,28.4322,-0.9030,143.2517,-0.0176,1.0031
"Friday, November 24, 1989",81.0000,133.3479,189.0739,77.6218,-52.3479,28.4322,-1.8411,133.0307,-0.0278,0.8801
"Friday, December 1, 1989",150.0000,137.6477,193.3738,81.9216,12.3523,28.4322,0.4344,135.1687,-0.0256,1.0467
"Friday, December 8, 1989",147.0000,122.8218,178.5478,67.0957,24.1782,28.4322,0.8504,139.9708,-0.0208,0.9311
"Friday, December 15, 1989",90.0000,97.2357,152.9618,41.5097,-7.2357,28.4322,-0.2545,138.0602,-0.0227,0.6880
"Friday, December 22, 1989",129.0000,92.9838,148.7098,37.2577,36.0162,28.4322,1.2667,147.7399,-0.0130,0.7051
"Friday, December 29, 1989",109.0000,138.8969,194.6229,83.1708,-29.8969,28.4322,-1.0515,141.9568,-0.0187,0.9130
"Friday, January 5, 1990",149.0000,137.2493,192.9754,81.5233,11.7507,28.4322,0.4133,144.1433,-0.0165,0.9775
"Friday, January 12, 1990",147.0000,148.8114,204.5374,93.0853,-1.8114,28.4322,-0.0637,143.8084,-0.0168,1.0309
"Friday, January 19, 1990",180.0000,152.0621,207.7881,96.3360,27.9379,28.4322,0.9826,148.5855,-0.0121,1.0818
"Friday, January 26, 1990",165.0000,164.5099,220.2359,108.7838,0.4901,28.4322,0.0172,148.6538,-0.0120,1.1077
"Friday, February 2, 1990",200.0000,173.9156,229.6416,118.1895,26.0844,28.4322,0.9174,152.6873,-0.007924,1.1921
"Friday, February 9, 1990",164.0000,168.6304,224.3564,112.9043,-4.6304,28.4322,-0.1629,151.9187,-0.008685,1.1005
"Friday, February 16, 1990",183.0000,167.3543,223.0804,111.6283,15.6457,28.4322,0.5503,154.4871,-0.006108,1.1148
"Friday, February 23, 1990",174.0000,175.7588,231.4849,120.0328,-1.7588,28.4322,-0.0619,154.2004,-0.006389,1.1363
"Friday, March 2, 1990",190.0000,162.9745,218.7006,107.2485,27.0255,28.4322,0.9505,158.8340,-0.001749,1.0789
"Friday, March 9, 1990",151.0000,171.0560,226.7821,115.3299,-20.0560,28.4322,-0.7054,155.4529,-0.005128,1.0603
"Friday, March 16, 1990",169.0000,174.0089,229.7350,118.2829,-5.0089,28.4322,-0.1762,154.6358,-0.005940,1.1152
"Friday, March 23, 1990",163.0000,166.2044,221.9305,110.4783,-3.2044,28.4322,-0.1127,154.0888,-0.006481,1.0722
"Friday, March 30, 1990",136.0000,150.5978,206.3239,94.8718,-14.5978,28.4322,-0.5134,151.3721,-0.009191,0.9649
"Friday, April 6, 1990",153.0000,172.4595,228.1855,116.7334,-19.4595,28.4322,-0.6844,148.2637,-0.0123,1.1224
"Friday, April 13, 1990",164.0000,152.2132,207.9392,96.4871,11.7868,28.4322,0.4146,150.3346,-0.0102,1.0369
"Friday, April 20, 1990",135.0000,160.5626,216.2887,104.8365,-25.5626,28.4322,-0.8991,145.9815,-0.0146,1.0455
"Friday, April 27, 1990",185.0000,157.3585,213.0846,101.6325,27.6415,28.4322,0.9722,150.6197,-0.009897,1.1017
"Friday, May 4, 1990",166.0000,178.2429,233.9690,122.5169,-12.2429,28.4322,-0.4306,148.7326,-0.0118,1.1728
"Friday, May 11, 1990",149.0000,168.9595,224.6855,113.2334,-19.9595,28.4322,-0.7020,145.5328,-0.0150,1.1184
"Friday, May 18, 1990",156.0000,149.5356,205.2617,93.8095,6.4644,28.4322,0.2274,146.6593,-0.0138,1.0333
"Friday, May 25, 1990",167.0000,170.2379,225.9640,114.5119,-3.2379,28.4322,-0.1139,146.1394,-0.0143,1.1580
"Friday, June 1, 1990",174.0000,155.5455,211.2716,99.8195,18.4545,28.4322,0.6491,149.2710,-0.0112,1.0804
"Friday, June 8, 1990",167.0000,167.3698,223.0959,111.6437,-0.3698,28.4322,-0.0130,149.2000,-0.0112,1.1210
"Friday, June 15, 1990",171.0000,150.6330,206.3591,94.9070,20.3670,28.4322,0.7163,152.8492,-0.007581,1.0269
"Friday, June 22, 1990",187.0000,147.6703,203.3964,91.9442,39.3297,28.4322,1.3833,160.2285,-0.000194,0.9979
"Friday, June 29, 1990",151.0000,162.2446,217.9706,106.5185,-11.2446,28.4322,-0.3955,158.2132,-0.002209,1.0034
"Friday, July 6, 1990",150.0000,168.5565,224.2826,112.8305,-18.5565,28.4322,-0.6527,155.0503,-0.005370,1.0499
"Friday, July 13, 1990",138.0000,141.2081,196.9342,85.4821,-3.2081,28.4322,-0.1128,154.4057,-0.006009,0.9081
"Friday, July 20, 1990",136.0000,133.1435,188.8695,77.4174,2.8565,28.4322,0.1005,155.0008,-0.005408,0.8647
"Friday, July 27, 1990",108.0000,122.7269,178.4530,67.0008,-14.7269,28.4322,-0.5180,151.6204,-0.008783,0.7793
"Friday, August 3, 1990",112.0000,122.0995,177.8256,66.3735,-10.0995,28.4322,-0.3552,149.3359,-0.0111,0.7966
"Friday, August 10, 1990",134.0000,122.9927,178.7188,67.2667,11.0073,28.4322,0.3871,151.7499,-0.008633,0.8330
"Friday, August 17, 1990",98.0000,115.7090,171.4350,59.9829,-17.7090,28.4322,-0.6228,147.5270,-0.0128,0.7470
"Friday, August 24, 1990",112.0000,120.2021,175.9281,64.4760,-8.2021,28.4322,-0.2885,145.6876,-0.0147,0.8076
"Friday, August 31, 1990",104.0000,127.5626,183.2886,71.8365,-23.5626,28.4322,-0.8287,140.7902,-0.0196,0.8541
"Friday, September 7, 1990",148.0000,123.2652,178.9913,67.5391,24.7348,28.4322,0.8700,145.8965,-0.0144,0.8975
"Friday, September 14, 1990",170.0000,134.9746,190.7007,79.2486,35.0254,28.4322,1.2319,152.7515,-0.007562,0.9549
"Friday, September 21, 1990",129.0000,146.4462,202.1722,90.7201,-17.4462,28.4322,-0.6136,149.4420,-0.0109,0.9437
"Friday, September 28, 1990",109.0000,129.1573,184.8833,73.4312,-20.1573,28.4322,-0.7090,145.1991,-0.0151,0.8464
"Friday, October 5, 1990",138.0000,140.8562,196.5822,85.1301,-2.8562,28.4322,-0.1005,144.6498,-0.0156,0.9676
"Friday, October 12, 1990",140.0000,148.0809,203.8070,92.3549,-8.0809,28.4322,-0.2842,143.2019,-0.0171,1.0165
"Friday, October 19, 1990",116.0000,148.6433,204.3694,92.9172,-32.6433,28.4322,-1.1481,137.4788,-0.0228,1.0074
"Friday, October 26, 1990",148.0000,140.6987,196.4248,84.9727,7.3013,28.4322,0.2568,138.7504,-0.0215,1.0304
"Friday, November 2, 1990",138.0000,154.3082,210.0343,98.5822,-16.3082,28.4322,-0.5736,136.0684,-0.0241,1.0968
"Friday, November 9, 1990",117.0000,134.0222,189.7483,78.2962,-17.0222,28.4322,-0.5987,132.9087,-0.0273,0.9686
"Friday, November 16, 1990",184.0000,133.2963,189.0224,77.5703,50.7037,28.4322,1.7833,142.0537,-0.0181,1.0492
"Friday, November 23, 1990",118.0000,125.0118,180.7379,69.2858,-7.0118,28.4322,-0.2466,140.5899,-0.0195,0.8737
"Friday, November 30, 1990",133.0000,147.1389,202.8650,91.4129,-14.1389,28.4322,-0.4973,138.1192,-0.0220,1.0335
"Friday, December 7, 1990",113.0000,128.5881,184.3142,72.8621,-15.5881,28.4322,-0.5483,135.0594,-0.0250,0.9162
"Friday, December 14, 1990",84.0000,92.9061,148.6322,37.1801,-8.9061,28.4322,-0.3132,132.6853,-0.0274,0.6793
"Friday, December 21, 1990",77.0000,93.5378,149.2638,37.8117,-16.5378,28.4322,-0.5817,128.4018,-0.0316,0.6885
"Friday, December 28, 1990",121.0000,117.2046,172.9307,61.4786,3.7954,28.4322,0.1335,129.1245,-0.0309,0.9168
"Friday, January 4, 1991",135.0000,118.3553,174.0814,62.6293,16.6447,28.4322,0.5854,132.3881,-0.0276,0.9331
"Friday, January 11, 1991",120.0000,129.3820,185.1081,73.6560,-9.3820,28.4322,-0.3300,130.6188,-0.0293,0.9682
"Friday, January 18, 1991",138.0000,134.6216,190.3477,78.8956,3.3784,28.4322,0.1188,131.1842,-0.0287,1.0342
"Friday, January 25, 1991",122.0000,141.8849,197.6110,86.1589,-19.8849,28.4322,-0.6994,127.8199,-0.0321,1.0617
"Friday, February 1, 1991",128.0000,141.5492,197.2752,85.8231,-13.5492,28.4322,-0.4765,125.5682,-0.0343,1.0937
"Friday, February 8, 1991",171.0000,149.6490,205.3751,93.9229,21.3510,28.4322,0.7509,128.7840,-0.0310,1.2135
"Friday, February 15, 1991",156.0000,141.6973,197.4233,85.9712,14.3027,28.4322,0.5030,131.1113,-0.0287,1.1146
"Friday, February 22, 1991",155.0000,146.1245,201.8505,90.3984,8.8755,28.4322,0.3122,132.5274,-0.0272,1.1234
"Friday, March 1, 1991",185.0000,150.5552,206.2813,94.8291,34.4448,28.4322,1.2115,138.0011,-0.0217,1.1685
"Friday, March 8, 1991",124.0000,148.8693,204.5954,93.1433,-24.8693,28.4322,-0.8747,133.7966,-0.0259,1.0549
"Friday, March 15, 1991",76.0000,141.8362,197.5622,86.1101,-65.8362,28.4322,-2.3156,122.5031,-0.0372,0.9909
"Friday, March 22, 1991",150.0000,136.5765,192.3026,80.8504,13.4235,28.4322,0.4721,124.6502,-0.0350,1.1291
"Friday, March 29, 1991",159.0000,133.6083,189.3343,77.8822,25.3917,28.4322,0.8931,128.9127,-0.0307,1.0976
"Friday, April 5, 1991",166.0000,124.3618,180.0878,68.6357,41.6382,28.4322,1.4645,136.7125,-0.0229,1.0043
"Friday, April 12, 1991",137.0000,153.4235,209.1495,97.6974,-16.4235,28.4322,-0.5776,134.0344,-0.0255,1.1066
"Friday, April 19, 1991",127.0000,138.9473,194.6734,83.2213,-11.9473,28.4322,-0.4202,131.9179,-0.0276,1.0252
"Friday, April 26, 1991",160.0000,137.8895,193.6156,82.1634,22.1105,28.4322,0.7777,135.7280,-0.0238,1.0665
"Friday, May 3, 1991",153.0000,149.5121,205.2381,93.7860,3.4879,28.4322,0.1227,136.2787,-0.0232,1.1051
"Friday, May 10, 1991",139.0000,159.8060,215.5320,104.0799,-20.8060,28.4322,-0.7318,133.0363,-0.0264,1.1526
"Friday, May 17, 1991",156.0000,148.7540,204.4800,93.0279,7.2460,28.4322,0.2549,134.1856,-0.0253,1.1253
"Friday, May 24, 1991",187.0000,138.6285,194.3546,82.9024,48.3715,28.4322,1.7013,142.6551,-0.0168,1.0771
"Friday, May 31, 1991",185.0000,165.1778,220.9039,109.4518,19.8222,28.4322,0.6972,145.7445,-0.0137,1.1756
"Friday, June 7, 1991",165.0000,157.4534,213.1795,101.7274,7.5466,28.4322,0.2654,146.9984,-0.0124,1.0871
"Friday, June 14, 1991",165.0000,164.7730,220.4990,109.0469,0.2270,28.4322,0.007986,147.0227,-0.0123,1.1212
"Friday, June 21, 1991",152.0000,150.9641,206.6902,95.2380,1.0359,28.4322,0.0364,147.1934,-0.0122,1.0278
"Friday, June 28, 1991",143.0000,146.8685,202.5945,91.1424,-3.8685,28.4322,-0.1361,146.4778,-0.0129,0.9945
"Friday, July 5, 1991",158.0000,146.9633,202.6893,91.2372,11.0367,28.4322,0.3882,148.4609,-0.0109,1.0130
"Friday, July 12, 1991",149.0000,155.8622,211.5882,100.1361,-6.8622,28.4322,-0.2414,147.2640,-0.0121,1.0439
"Friday, July 19, 1991",123.0000,133.7154,189.4415,77.9893,-10.7154,28.4322,-0.3769,145.1107,-0.0142,0.8985
"Friday, July 26, 1991",104.0000,125.4664,181.1925,69.7404,-21.4664,28.4322,-0.7550,140.5916,-0.0187,0.8450
"Friday, August 2, 1991",78.0000,109.5432,165.2692,53.8171,-31.5432,28.4322,-1.1094,133.2276,-0.0260,0.7487
"Friday, August 9, 1991",149.0000,106.1094,161.8354,50.3833,42.8906,28.4322,1.5085,142.9718,-0.0163,0.8354
"Friday, August 16, 1991",108.0000,119.0861,174.8122,63.3601,-11.0861,28.4322,-0.3899,140.5406,-0.0187,0.8228
"Friday, August 23, 1991",148.0000,104.9747,160.7007,49.2486,43.0253,28.4322,1.5133,150.9733,-0.008242,0.7838
"Friday, August 30, 1991",128.0000,121.9161,177.6421,66.1900,6.0839,28.4322,0.2140,152.3321,-0.006875,0.8127
"Friday, September 6, 1991",132.0000,130.0946,185.8206,74.3685,1.9054,28.4322,0.0670,152.7301,-0.006470,0.8557
"Friday, September 13, 1991",128.0000,137.0767,192.8027,81.3506,-9.0767,28.4322,-0.3192,150.8885,-0.008305,0.8898
"Friday, September 20, 1991",137.0000,144.0683,199.7944,88.3423,-7.0683,28.4322,-0.2486,149.5369,-0.009649,0.9487
"Friday, September 27, 1991",135.0000,141.1071,196.8331,85.3810,-6.1071,28.4322,-0.2148,148.3529,-0.0108,0.9384
"Friday, October 4, 1991",114.0000,125.5557,181.2817,69.8296,-11.5557,28.4322,-0.4064,145.8646,-0.0133,0.8362
"Friday, October 11, 1991",129.0000,141.1315,196.8576,85.4055,-12.1315,28.4322,-0.4267,143.5763,-0.0156,0.9567
"Friday, October 18, 1991",109.0000,145.9353,201.6614,90.2092,-36.9353,28.4322,-1.2991,136.9673,-0.0222,0.9817
"Friday, October 25, 1991",102.0000,137.9651,193.6912,82.2391,-35.9651,28.4322,-1.2649,130.4670,-0.0286,0.9718
"Friday, November 1, 1991",111.0000,134.4022,190.1283,78.6762,-23.4022,28.4322,-0.8231,126.3170,-0.0328,1.0065
"Friday, November 8, 1991",122.0000,138.5107,194.2367,82.7846,-16.5107,28.4322,-0.5807,123.5526,-0.0355,1.0796
"Friday, November 15, 1991",108.0000,119.6377,175.3637,63.9116,-11.6377,28.4322,-0.4093,121.3368,-0.0377,0.9562
"Friday, November 22, 1991",116.0000,127.2709,182.9970,71.5448,-11.2709,28.4322,-0.3964,119.3498,-0.0396,1.0370
"Friday, November 29, 1991",133.0000,104.2415,159.9675,48.5154,28.7585,28.4322,1.0115,125.2832,-0.0337,0.9034
"Friday, December 6, 1991",149.0000,129.4459,185.1719,73.7198,19.5541,28.4322,0.6877,128.6829,-0.0302,1.0531
"Friday, December 13, 1991",97.0000,117.8757,173.6018,62.1496,-20.8757,28.4322,-0.7342,124.5181,-0.0344,0.8946
"Friday, December 20, 1991",,84.5678,140.2938,28.8417,,28.4322,,124.4838,-0.0344,0.6793
"Friday, December 27, 1991",,85.6792,142.3416,29.0169,,28.9099,,124.4494,-0.0344,0.6885
"Friday, January 3, 1992",,116.0866,175.1397,57.0336,,30.1297,,124.4151,-0.0344,0.9331
"Friday, January 10, 1992",,120.4277,180.6584,60.1970,,30.7305,,124.3807,-0.0344,0.9682
"Friday, January 17, 1992",,128.5994,190.4011,66.7977,,31.5321,,124.3463,-0.0344,1.0342
"Friday, January 24, 1992",,131.9833,194.9709,68.9958,,32.1371,,124.3120,-0.0344,1.0617
"Friday, January 31, 1992",,135.9286,200.1999,71.6572,,32.7921,,124.2776,-0.0344,1.0937
"Friday, February 7, 1992",,150.7714,217.8259,83.7168,,34.2122,,124.2433,-0.0344,1.2135
"Friday, February 14, 1992",,138.4468,204.5349,72.3586,,33.7191,,124.2089,-0.0344,1.1146
"Friday, February 21, 1992",,139.4980,206.5370,72.4590,,34.2042,,124.1746,-0.0344,1.1234
"Friday, February 28, 1992",,145.0588,213.7744,76.3432,,35.0596,,124.1402,-0.0344,1.1685
"Friday, March 6, 1992",,130.9209,198.0696,63.7721,,34.2602,,124.1058,-0.0344,1.0549
"Friday, March 13, 1992",,122.9384,189.5459,56.3308,,33.9841,,124.0715,-0.0344,0.9909
"Friday, March 20, 1992",,140.0543,210.5558,69.5527,,35.9709,,124.0371,-0.0344,1.1291
"Friday, March 27, 1992",,136.1069,206.5918,65.6220,,35.9623,,124.0028,-0.0344,1.0976
"Friday, April 3, 1992",,124.4980,193.4448,55.5513,,35.1775,,123.9684,-0.0344,1.0043
"Friday, April 10, 1992",,137.1446,209.4979,64.7913,,36.9156,,123.9340,-0.0344,1.1066
"Friday, April 17, 1992",,127.0161,197.9007,56.1314,,36.1663,,123.8997,-0.0344,1.0252
"Friday, April 24, 1992",,132.1062,204.8915,59.3208,,37.1361,,123.8653,-0.0344,1.0665
"Friday, May 1, 1992",,136.8402,211.4968,62.1836,,38.0908,,123.8310,-0.0344,1.1051
"Friday, May 8, 1992",,142.6926,219.5531,65.8322,,39.2152,,123.7966,-0.0344,1.1526
"Friday, May 15, 1992",,139.2751,215.9519,62.5982,,39.1216,,123.7623,-0.0344,1.1253
"Friday, May 22, 1992",,133.2683,209.0675,57.4690,,38.6738,,123.7279,-0.0344,1.0771
"Friday, May 29, 1992",,145.4126,225.2790,65.5463,,40.7489,,123.6935,-0.0344,1.1756
