DATE,ACTUAL,PREDICT,UPPER,LOWER,ERROR,STD,NERROR,_LINEAR_,_QUAD_,cos1,sin2,cos2,cos3,sin4,cos4,sin5,cos5,cos6
01JAN1984,13837100,12280265,14810858,9749672,1556835,1291143,1.2058,-50,2500,0.8660,0.8660,0.5000,6.123E-17,0.8660,-0.5000,0.5000,-0.8660,-1.0000
01FEB1984,8937600,9176795,11707388,6646202,-239195,1291143,-0.1853,-49,2401,0.5000,0.8660,-0.5000,-1.0000,-0.8660,-0.5000,-0.8660,0.5000,1.0000
01MAR1984,9269900,10848998,13379591,8318406,-1579098,1291143,-1.2230,-48,2304,6.123E-17,1.225E-16,-1.0000,-1.84E-16,-2.45E-16,1.0000,1.0000,3.062E-16,-1.0000
01APR1984,10497400,9294167,11824760,6763574,1203233,1291143,0.9319,-47,2209,-0.5000,-0.8660,-0.5000,1.0000,0.8660,-0.5000,-0.8660,-0.5000,1.0000
01MAY1984,8337900,6626501,9157094,4095908,1711399,1291143,1.3255,-46,2116,-0.8660,-0.8660,0.5000,3.062E-16,-0.8660,-0.5000,0.5000,0.8660,-1.0000
01JUN1984,6429600,6207881,8738474,3677288,221719,1291143,0.1717,-45,2025,-1.0000,-2.45E-16,1.0000,-1.0000,-4.9E-16,1.0000,6.123E-16,-1.0000,1.0000
01JUL1984,9375500,8547676,11078269,6017084,827824,1291143,0.6412,-44,1936,-0.8660,0.8660,0.5000,-4.29E-16,0.8660,-0.5000,-0.5000,0.8660,-1.0000
01AUG1984,9191700,10245466,12776059,7714874,-1053766,1291143,-0.8162,-43,1849,-0.5000,0.8660,-0.5000,1.0000,-0.8660,-0.5000,0.8660,-0.5000,1.0000
01SEP1984,12353300,9241295,11771888,6710703,3112005,1291143,2.4103,-42,1764,-1.84E-16,3.674E-16,-1.0000,5.511E-16,-7.35E-16,1.0000,-1.0000,8.579E-16,-1.0000
01OCT1984,9777900,9525613,12056206,6995020,252287,1291143,0.1954,-41,1681,0.5000,-0.8660,-0.5000,-1.0000,0.8660,-0.5000,0.8660,0.5000,1.0000
01NOV1984,9134100,8353614,10884207,5823022,780486,1291143,0.6045,-40,1600,0.8660,-0.8660,0.5000,-2.45E-15,-0.8660,-0.5000,-0.5000,-0.8660,-1.0000
01DEC1984,11450700,8861181,11391774,6330588,2589519,1291143,2.0056,-39,1521,1.0000,-4.9E-16,1.0000,1.0000,-9.8E-16,1.0000,-1.22E-15,1.0000,1.0000
01JAN1985,9435899,11494770,14025362,8964177,-2058871,1291143,-1.5946,-38,1444,0.8660,0.8660,0.5000,-9.8E-16,0.8660,-0.5000,0.5000,-0.8660,-1.0000
01FEB1985,7966280,8401348,10931941,5870755,-435068,1291143,-0.3370,-37,1369,0.5000,0.8660,-0.5000,-1.0000,-0.8660,-0.5000,-0.8660,0.5000,1.0000
01MAR1985,10681175,10083601,12614193,7553008,597574,1291143,0.4628,-36,1296,1.194E-15,2.389E-15,-1.0000,-2.69E-15,-4.78E-15,1.0000,1.0000,-2.46E-16,-1.0000
01APR1985,8806186,8538818,11069411,6008225,267368,1291143,0.2071,-35,1225,-0.5000,-0.8660,-0.5000,1.0000,0.8660,-0.5000,-0.8660,-0.5000,1.0000
01MAY1985,6468370,5881201,8411793,3350608,587169,1291143,0.4548,-34,1156,-0.8660,-0.8660,0.5000,-7.35E-16,-0.8660,-0.5000,0.5000,0.8660,-1.0000
01JUN1985,6724201,5472629,8003222,2942037,1251572,1291143,0.9694,-33,1089,-1.0000,-7.35E-16,1.0000,-1.0000,-1.47E-15,1.0000,-1.72E-15,-1.0000,1.0000
01JUL1985,7468720,7822474,10353067,5291881,-353754,1291143,-0.2740,-32,1024,-0.8660,0.8660,0.5000,-2.94E-15,0.8660,-0.5000,-0.5000,0.8660,-1.0000
01AUG1985,11850333,9530313,12060905,6999720,2320020,1291143,1.7969,-31,961,-0.5000,0.8660,-0.5000,1.0000,-0.8660,-0.5000,0.8660,-0.5000,1.0000
01SEP1985,9334953,8536190,11066783,6005598,798763,1291143,0.6186,-30,900,-4.29E-16,8.573E-16,-1.0000,-4.9E-16,-1.71E-15,1.0000,-1.0000,3.186E-15,-1.0000
01OCT1985,9170822,8830556,11361149,6299964,340266,1291143,0.2635,-29,841,0.5000,-0.8660,-0.5000,-1.0000,0.8660,-0.5000,0.8660,0.5000,1.0000
01NOV1985,6759958,7668607,10199200,5138014,-908649,1291143,-0.7038,-28,784,0.8660,-0.8660,0.5000,-3.18E-15,-0.8660,-0.5000,-0.5000,-0.8660,-1.0000
01DEC1985,6450523,8186223,10716816,5655630,-1735700,1291143,-1.3443,-27,729,1.0000,-9.8E-16,1.0000,1.0000,-1.96E-15,1.0000,-2.45E-15,1.0000,1.0000
01JAN1986,10439811,10829860,13360453,8299267,-390049,1291143,-0.3021,-26,676,0.8660,0.8660,0.5000,-2.46E-16,0.8660,-0.5000,0.5000,-0.8660,-1.0000
01FEB1986,7026791,7746487,10277080,5215894,-719696,1291143,-0.5574,-25,625,0.5000,0.8660,-0.5000,-1.0000,-0.8660,-0.5000,-0.8660,0.5000,1.0000
01MAR1986,11771424,9438788,11969381,6908196,2332636,1291143,1.8066,-24,576,2.327E-15,4.655E-15,-1.0000,-3.43E-15,-9.31E-15,1.0000,1.0000,9.791E-16,-1.0000
01APR1986,6017676,7904054,10434647,5373462,-1886378,1291143,-1.4610,-23,529,-0.5000,-0.8660,-0.5000,1.0000,0.8660,-0.5000,-0.8660,-0.5000,1.0000
01MAY1986,4757449,5256486,7787079,2725893,-499037,1291143,-0.3865,-22,484,-0.8660,-0.8660,0.5000,-6.19E-19,-0.8660,-0.5000,0.5000,0.8660,-1.0000
01JUN1986,4003151,4857964,7388556,2327371,-854813,1291143,-0.6621,-21,441,-1.0000,-4.78E-15,1.0000,-1.0000,-9.55E-15,1.0000,-4.91E-16,-1.0000,1.0000
01JUL1986,6131354,7217857,9748450,4687264,-1086503,1291143,-0.8415,-20,400,-0.8660,0.8660,0.5000,-3.67E-15,0.8660,-0.5000,-0.5000,0.8660,-1.0000
01AUG1986,10162990,8935745,11466337,6405152,1227245,1291143,0.9505,-19,361,-0.5000,0.8660,-0.5000,1.0000,-0.8660,-0.5000,0.8660,-0.5000,1.0000
01SEP1986,7349493,7951671,10482264,5421078,-602178,1291143,-0.4664,-18,324,-2.45E-15,4.9E-15,-1.0000,2.443E-16,-9.8E-15,1.0000,-1.0000,1.961E-15,-1.0000
01OCT1986,8028672,8256086,10786679,5725493,-227414,1291143,-0.1761,-17,289,0.5000,-0.8660,-0.5000,-1.0000,0.8660,-0.5000,0.8660,0.5000,1.0000
01NOV1986,5534705,7104185,9634778,4573592,-1569480,1291143,-1.2156,-16,256,0.8660,-0.8660,0.5000,-3.92E-15,-0.8660,-0.5000,-0.5000,-0.8660,-1.0000
01DEC1986,6113325,7631850,10162443,5101257,-1518525,1291143,-1.1761,-15,225,1.0000,-1.47E-15,1.0000,1.0000,-2.94E-15,1.0000,3.431E-15,1.0000,1.0000
01JAN1987,11298626,10285536,12816129,7754943,1013090,1291143,0.7846,-14,196,0.8660,0.8660,0.5000,4.892E-16,0.8660,-0.5000,0.5000,-0.8660,-1.0000
01FEB1987,7678109,7212212,9742805,4681619,465897,1291143,0.3608,-13,169,0.5000,0.8660,-0.5000,-1.0000,-0.8660,-0.5000,-0.8660,0.5000,1.0000
01MAR1987,6948456,8914562,11445155,6383969,-1966106,1291143,-1.5228,-12,144,2.572E-15,5.145E-15,-1.0000,-4.16E-15,-1.03E-14,1.0000,1.0000,-4.9E-15,-1.0000
01APR1987,7715491,7389877,9920470,4859284,325614,1291143,0.2522,-11,121,-0.5000,-0.8660,-0.5000,1.0000,0.8660,-0.5000,-0.8660,-0.5000,1.0000
01MAY1987,5057673,4752357,7282950,2221764,305316,1291143,0.2365,-10,100,-0.8660,-0.8660,0.5000,7.84E-15,-0.8660,-0.5000,0.5000,0.8660,-1.0000
01JUN1987,4756542,4363884,6894476,1833291,392658,1291143,0.3041,-9,81,-1.0000,-1.71E-15,1.0000,-1.0000,-3.43E-15,1.0000,-6.37E-15,-1.0000,1.0000
01JUL1987,7100544,6733826,9264418,4203233,366718,1291143,0.2840,-8,64,-0.8660,0.8660,0.5000,-4.41E-15,0.8660,-0.5000,-0.5000,0.8660,-1.0000
01AUG1987,9234738,8461762,10992355,5931169,772976,1291143,0.5987,-7,49,-0.5000,0.8660,-0.5000,1.0000,-0.8660,-0.5000,0.8660,-0.5000,1.0000
01SEP1987,6327204,7487737,10018330,4957145,-1160533,1291143,-0.8988,-6,36,-2.69E-15,5.39E-15,-1.0000,9.791E-16,-1.08E-14,1.0000,-1.0000,7.842E-15,-1.0000
01OCT1987,8991172,7802201,10332794,5271608,1188971,1291143,0.9209,-5,25,0.5000,-0.8660,-0.5000,-1.0000,0.8660,-0.5000,0.8660,0.5000,1.0000
01NOV1987,5077428,6660349,9190942,4129756,-1582921,1291143,-1.2260,-4,16,0.8660,-0.8660,0.5000,2.451E-15,-0.8660,-0.5000,-0.5000,-0.8660,-1.0000
01DEC1987,5534582,7198063,9728655,4667470,-1663481,1291143,-1.2884,-3,9,1.0000,-1.96E-15,1.0000,1.0000,-3.92E-15,1.0000,-4.9E-15,1.0000,1.0000
01JAN1988,11521428,9861797,12392390,7331204,1659631,1291143,1.2854,-2,4,0.8660,0.8660,0.5000,8.329E-15,0.8660,-0.5000,0.5000,-0.8660,-1.0000
01FEB1988,5970190,6798522,9329115,4267930,-828332,1291143,-0.6415,-1,1,0.5000,0.8660,-0.5000,-1.0000,-0.8660,-0.5000,-0.8660,0.5000,1.0000
01MAR1988,7808768,8510921,11041514,5980328,-702153,1291143,-0.5438,0,0,2.817E-15,5.635E-15,-1.0000,-4.9E-15,-1.13E-14,1.0000,1.0000,3.428E-15,-1.0000
01APR1988,7230095,6996285,9526878,4465692,233810,1291143,0.1811,1,1,-0.5000,-0.8660,-0.5000,1.0000,0.8660,-0.5000,-0.8660,-0.5000,1.0000
01MAY1988,4218875,4368814,6899407,1838221,-149939,1291143,-0.1161,2,4,-0.8660,-0.8660,0.5000,1.469E-15,-0.8660,-0.5000,0.5000,0.8660,-1.0000
01JUN1988,4486385,3990389,6520982,1459796,495996,1291143,0.3842,3,9,-1.0000,-9.31E-15,1.0000,-1.0000,-1.86E-14,1.0000,1.958E-15,-1.0000,1.0000
01JUL1988,4231782,6370380,8900973,3839787,-2138598,1291143,-1.6564,4,16,-0.8660,0.8660,0.5000,1.961E-15,0.8660,-0.5000,-0.5000,0.8660,-1.0000
01AUG1988,5210469,8108365,10638958,5577772,-2897896,1291143,-2.2444,5,25,-0.5000,0.8660,-0.5000,1.0000,-0.8660,-0.5000,0.8660,-0.5000,1.0000
01SEP1988,5321766,7144390,9674982,4613797,-1822624,1291143,-1.4116,6,36,-2.94E-15,5.88E-15,-1.0000,8.819E-15,-1.18E-14,1.0000,-1.0000,-4.88E-16,-1.0000
01OCT1988,4555609,7468902,9999495,4938309,-2913293,1291143,-2.2564,7,49,0.5000,-0.8660,-0.5000,-1.0000,0.8660,-0.5000,0.8660,0.5000,1.0000
01NOV1988,4146407,6337099,8867692,3806506,-2190692,1291143,-1.6967,8,64,0.8660,-0.8660,0.5000,-5.39E-15,-0.8660,-0.5000,-0.5000,-0.8660,-1.0000
01DEC1988,4932106,6884861,9415454,4354268,-1952755,1291143,-1.5124,9,81,1.0000,-9.55E-15,1.0000,1.0000,-1.91E-14,1.0000,9.822E-16,1.0000,1.0000
01JAN1989,9913116,9558645,12089237,7028052,354471,1291143,0.2745,10,100,0.8660,0.8660,0.5000,1.959E-15,0.8660,-0.5000,0.5000,-0.8660,-1.0000
01FEB1989,5345289,6505419,9036011,3974826,-1160130,1291143,-0.8985,11,121,0.5000,0.8660,-0.5000,-1.0000,-0.8660,-0.5000,-0.8660,0.5000,1.0000
01MAR1989,9602365,8227866,10758459,5697273,1374499,1291143,1.0646,12,144,6.615E-15,1.323E-14,-1.0000,1.471E-15,-2.65E-14,1.0000,1.0000,-2.45E-15,-1.0000
01APR1989,5869840,6723279,9253871,4192686,-853439,1291143,-0.6610,13,169,-0.5000,-0.8660,-0.5000,1.0000,0.8660,-0.5000,-0.8660,-0.5000,1.0000
01MAY1989,4279168,4105856,6636449,1575264,173312,1291143,0.1342,14,196,-0.8660,-0.8660,0.5000,9.309E-15,-0.8660,-0.5000,0.5000,0.8660,-1.0000
01JUN1989,4775934,3737481,6268073,1206888,1038453,1291143,0.8043,15,225,-1.0000,-9.8E-15,1.0000,-1.0000,-1.96E-14,1.0000,-3.92E-15,-1.0000,1.0000
01JUL1989,6145364,6127520,8658113,3596927,17844,1291143,0.0138,16,256,-0.8660,0.8660,0.5000,-5.88E-15,0.8660,-0.5000,-0.5000,0.8660,-1.0000
01AUG1989,10242058,7875554,10406147,5344961,2366504,1291143,1.8329,17,289,-0.5000,0.8660,-0.5000,1.0000,-0.8660,-0.5000,0.8660,-0.5000,1.0000
01SEP1989,8503891,6921627,9452220,4391034,1582264,1291143,1.2255,18,324,-3.18E-15,6.369E-15,-1.0000,2.449E-15,-1.27E-14,1.0000,-1.0000,5.393E-15,-1.0000
01OCT1989,4272022,7256189,9786781,4725596,-2984167,1291143,-2.3113,19,361,0.5000,-0.8660,-0.5000,-1.0000,0.8660,-0.5000,0.8660,0.5000,1.0000
01NOV1989,6394995,6134434,8665027,3603842,260561,1291143,0.2018,20,400,0.8660,-0.8660,0.5000,9.816E-16,-0.8660,-0.5000,-0.5000,-0.8660,-1.0000
01DEC1989,2712844,6692245,9222838,4161652,-3979401,1291143,-3.0821,21,441,1.0000,-2.94E-15,1.0000,1.0000,-5.88E-15,1.0000,6.863E-15,1.0000,1.0000
01JAN1990,10108380,9376078,11906670,6845485,732302,1291143,0.5672,22,484,0.8660,0.8660,0.5000,9.799E-15,0.8660,-0.5000,0.5000,-0.8660,-1.0000
01FEB1990,7273620,6332900,8863493,3802308,940720,1291143,0.7286,23,529,0.5000,0.8660,-0.5000,-1.0000,-0.8660,-0.5000,-0.8660,0.5000,1.0000
01MAR1990,7628260,8065397,10595989,5534804,-437137,1291143,-0.3386,24,576,6.86E-15,1.372E-14,-1.0000,-6.37E-15,-2.74E-14,1.0000,1.0000,-8.33E-15,-1.0000
01APR1990,6679694,6570858,9101451,4040265,108836,1291143,0.0843,25,625,-0.5000,-0.8660,-0.5000,1.0000,0.8660,-0.5000,-0.8660,-0.5000,1.0000
01MAY1990,3924304,3963485,6494078,1432892,-39181,1291143,-0.0303,26,676,-0.8660,-0.8660,0.5000,2.939E-15,-0.8660,-0.5000,0.5000,0.8660,-1.0000
01JUN1990,3387166,3605158,6135750,1074565,-217992,1291143,-0.1688,27,729,-1.0000,-1.03E-14,1.0000,-1.0000,-2.06E-14,1.0000,-9.8E-15,-1.0000,1.0000
01JUL1990,6099520,6005246,8535839,3474653,94274,1291143,0.0730,28,784,-0.8660,0.8660,0.5000,4.917E-16,0.8660,-0.5000,-0.5000,0.8660,-1.0000
01AUG1990,7572069,7763329,10293922,5232736,-191260,1291143,-0.1481,29,841,-0.5000,0.8660,-0.5000,1.0000,-0.8660,-0.5000,0.8660,-0.5000,1.0000
01SEP1990,6921302,6819451,9350044,4288858,101851,1291143,0.0789,30,900,-3.43E-15,6.859E-15,-1.0000,1.029E-14,-1.37E-14,1.0000,-1.0000,1.127E-14,-1.0000
01OCT1990,9021678,7164061,9694654,4633468,1857617,1291143,1.4387,31,961,0.5000,-0.8660,-0.5000,-1.0000,0.8660,-0.5000,0.8660,0.5000,1.0000
01NOV1990,5789416,6052355,8582948,3521763,-262939,1291143,-0.2036,32,1024,0.8660,-0.8660,0.5000,7.352E-15,-0.8660,-0.5000,-0.5000,-0.8660,-1.0000
01DEC1990,4105398,6620215,9150808,4089622,-2514817,1291143,-1.9477,33,1089,1.0000,-3.43E-15,1.0000,1.0000,-6.86E-15,1.0000,1.274E-14,1.0000,1.0000
01JAN1991,9771094,9314096,11844689,6783503,456998,1291143,0.3539,34,1156,0.8660,0.8660,0.5000,3.428E-15,0.8660,-0.5000,0.5000,-0.8660,-1.0000
01FEB1991,6014135,6280968,8811561,3750375,-266833,1291143,-0.2067,35,1225,0.5000,0.8660,-0.5000,-1.0000,-0.8660,-0.5000,-0.8660,0.5000,1.0000
01MAR1991,8928203,8023513,10554106,5492920,904690,1291143,0.7007,36,1296,7.105E-15,1.421E-14,-1.0000,-1.42E-14,-2.84E-14,1.0000,1.0000,-1.42E-14,-1.0000
01APR1991,6941052,6539023,9069616,4008430,402029,1291143,0.3114,37,1369,-0.5000,-0.8660,-0.5000,1.0000,0.8660,-0.5000,-0.8660,-0.5000,1.0000
01MAY1991,3838498,3941699,6472291,1411106,-103201,1291143,-0.0799,38,1444,-0.8660,-0.8660,0.5000,-3.43E-15,-0.8660,-0.5000,0.5000,0.8660,-1.0000
01JUN1991,4498658,3593420,6124013,1062828,905238,1291143,0.7011,39,1521,-1.0000,-1.08E-14,1.0000,-1.0000,-2.16E-14,1.0000,-1.57E-14,-1.0000,1.0000
01JUL1991,6917554,6003558,8534150,3472965,913996,1291143,0.7079,40,1600,-0.8660,0.8660,0.5000,-7.35E-15,0.8660,-0.5000,-0.5000,0.8660,-1.0000
01AUG1991,7045552,7771689,10302282,5241096,-726137,1291143,-0.5624,41,1681,-0.5000,0.8660,-0.5000,1.0000,-0.8660,-0.5000,0.8660,-0.5000,1.0000
01SEP1991,7803470,6837860,9368453,4307267,965610,1291143,0.7479,42,1764,-3.67E-15,7.349E-15,-1.0000,1.813E-14,-1.47E-14,1.0000,-1.0000,1.715E-14,-1.0000
01OCT1991,7404920,7192519,9723112,4661926,212401,1291143,0.1645,43,1849,0.5000,-0.8660,-0.5000,-1.0000,0.8660,-0.5000,0.8660,0.5000,1.0000
01NOV1991,5029454,6090862,8621455,3560269,-1061408,1291143,-0.8221,44,1936,0.8660,-0.8660,0.5000,-4.88E-16,-0.8660,-0.5000,-0.5000,-0.8660,-1.0000
01DEC1991,4902686,6668771,9199364,4138178,-1766085,1291143,-1.3678,45,2025,1.0000,-3.92E-15,1.0000,1.0000,-7.84E-15,1.0000,-9.8E-15,1.0000,1.0000
01JAN1992,9277777,9372701,11903294,6842108,-94924,1291143,-0.0735,46,2116,0.8660,0.8660,0.5000,1.127E-14,0.8660,-0.5000,0.5000,-0.8660,-1.0000
01FEB1992,6994167,6349621,8880214,3819028,644546,1291143,0.4992,47,2209,0.5000,0.8660,-0.5000,-1.0000,-0.8660,-0.5000,-0.8660,0.5000,1.0000
01MAR1992,8203454,8102215,10632808,5571622,101239,1291143,0.0784,48,2304,7.35E-15,1.47E-14,-1.0000,6.372E-15,-2.94E-14,1.0000,1.0000,-2.01E-14,-1.0000
01APR1992,6261191,6627774,9158367,4097181,-366583,1291143,-0.2839,49,2401,-0.5000,-0.8660,-0.5000,1.0000,0.8660,-0.5000,-0.8660,-0.5000,1.0000
01MAY1992,4655394,4040498,6571091,1509905,614896,1291143,0.4762,50,2500,-0.8660,-0.8660,0.5000,4.408E-15,-0.8660,-0.5000,0.5000,0.8660,-1.0000
01JUN1992,4876377,3702269,6232862,1171676,1174108,1291143,0.9094,51,2601,-1.0000,-1.13E-14,1.0000,-1.0000,-2.25E-14,1.0000,6.857E-15,-1.0000,1.0000
01JUL1992,5761881,6122455,8653048,3591862,-360574,1291143,-0.2793,52,2704,-0.8660,0.8660,0.5000,-1.52E-14,0.8660,-0.5000,-0.5000,0.8660,-1.0000
01AUG1992,9915741,7900635,10431228,5370043,2015106,1291143,1.5607,53,2809,-0.5000,0.8660,-0.5000,1.0000,-0.8660,-0.5000,0.8660,-0.5000,1.0000
01SEP1992,6273083,6976855,9507448,4446262,-703772,1291143,-0.5451,54,2916,-3.92E-15,7.839E-15,-1.0000,-2.45E-15,-1.57E-14,1.0000,-1.0000,2.304E-14,-1.0000
01OCT1992,8019762,7341562,9872155,4810970,678200,1291143,0.5253,55,3025,0.5000,-0.8660,-0.5000,-1.0000,0.8660,-0.5000,0.8660,0.5000,1.0000
01NOV1992,5981632,6249955,8780548,3719362,-268323,1291143,-0.2078,56,3136,0.8660,-0.8660,0.5000,-8.33E-15,-0.8660,-0.5000,-0.5000,-0.8660,-1.0000
01DEC1992,7081181,6837912,9368505,4307319,243269,1291143,0.1884,57,3249,1.0000,-1.86E-14,1.0000,1.0000,-3.72E-14,1.0000,-3.92E-15,1.0000,1.0000
01JAN1993,13345376,9551891,12082484,7021298,3793485,1291143,2.9381,58,3364,0.8660,0.8660,0.5000,1.911E-14,0.8660,-0.5000,0.5000,-0.8660,-1.0000
01FEB1993,6211981,6538860,9069453,4008267,-326879,1291143,-0.2532,59,3481,0.5000,0.8660,-0.5000,-1.0000,-0.8660,-0.5000,-0.8660,0.5000,1.0000
01MAR1993,8103349,8301503,10832096,5770910,-198154,1291143,-0.1535,60,3600,7.595E-15,1.519E-14,-1.0000,-1.47E-15,-3.04E-14,1.0000,1.0000,-2.6E-14,-1.0000
01APR1993,7161457,6837110,9367703,4306518,324347,1291143,0.2512,61,3721,-0.5000,-0.8660,-0.5000,1.0000,0.8660,-0.5000,-0.8660,-0.5000,1.0000
01MAY1993,4604493,4259884,6790476,1729291,344609,1291143,0.2669,62,3844,-0.8660,-0.8660,0.5000,1.225E-14,-0.8660,-0.5000,0.5000,0.8660,-1.0000
01JUN1993,5701641,3931703,6462296,1401110,1769938,1291143,1.3708,63,3969,-1.0000,-1.18E-14,1.0000,-1.0000,-2.35E-14,1.0000,9.76E-16,-1.0000,1.0000
01JUL1993,5859560,6361938,8892531,3831345,-502378,1291143,-0.3891,64,4096,-0.8660,0.8660,0.5000,5.393E-15,0.8660,-0.5000,-0.5000,0.8660,-1.0000
01AUG1993,6883263,8150167,10680760,5619574,-1266904,1291143,-0.9812,65,4225,-0.5000,0.8660,-0.5000,1.0000,-0.8660,-0.5000,0.8660,-0.5000,1.0000
01SEP1993,7238615,7236435,9767028,4705843,2180,1291143,0.001688,66,4356,-4.16E-15,8.329E-15,-1.0000,5.388E-15,-1.67E-14,1.0000,-1.0000,2.892E-14,-1.0000
01OCT1993,9463285,7611192,10141785,5080599,1852093,1291143,1.4345,67,4489,0.5000,-0.8660,-0.5000,-1.0000,0.8660,-0.5000,0.8660,0.5000,1.0000
01NOV1993,7716502,6529633,9060226,3999040,1186869,1291143,0.9192,68,4624,0.8660,-0.8660,0.5000,-1.62E-14,-0.8660,-0.5000,-0.5000,-0.8660,-1.0000
01DEC1993,5414492,7127639,9658232,4597046,-1713147,1291143,-1.3268,69,4761,1.0000,-1.91E-14,1.0000,1.0000,-3.82E-14,1.0000,1.964E-15,1.0000,1.0000
01JAN1994,8886329,9851667,12382259,7321074,-965338,1291143,-0.7477,70,4900,0.8660,0.8660,0.5000,-1.47E-15,0.8660,-0.5000,0.5000,-0.8660,-1.0000
01FEB1994,7115231,6848685,9379277,4318092,266546,1291143,0.2064,71,5041,0.5000,0.8660,-0.5000,-1.0000,-0.8660,-0.5000,-0.8660,0.5000,1.0000
01MAR1994,8282449,8621376,11151969,6090783,-338927,1291143,-0.2625,72,5184,7.84E-15,1.568E-14,-1.0000,-9.31E-15,-3.14E-14,1.0000,1.0000,-3.19E-14,-1.0000
01APR1994,7319900,7167033,9697626,4636440,152867,1291143,0.1184,73,5329,-0.5000,-0.8660,-0.5000,1.0000,0.8660,-0.5000,-0.8660,-0.5000,1.0000
01MAY1994,5235447,4599855,7130447,2069262,635592,1291143,0.4923,74,5476,-0.8660,-0.8660,0.5000,2.009E-14,-0.8660,-0.5000,0.5000,0.8660,-1.0000
01JUN1994,4030757,4281723,6812316,1751130,-250966,1291143,-0.1944,75,5625,-1.0000,-2.65E-14,1.0000,-1.0000,-5.29E-14,1.0000,-4.9E-15,-1.0000,1.0000
01JUL1994,6962523,6722006,9252599,4191414,240517,1291143,0.1863,76,5776,-0.8660,0.8660,0.5000,-2.45E-15,0.8660,-0.5000,-0.5000,0.8660,-1.0000
01AUG1994,7960453,8520285,11050877,5989692,-559832,1291143,-0.4336,77,5929,-0.5000,0.8660,-0.5000,1.0000,-0.8660,-0.5000,0.8660,-0.5000,1.0000
01SEP1994,7880669,7616602,10147195,5086009,264067,1291143,0.2045,78,6084,-4.41E-15,8.819E-15,-1.0000,1.323E-14,-1.76E-14,1.0000,-1.0000,-2.2E-14,-1.0000
01OCT1994,8428762,8001407,10532000,5470814,427355,1291143,0.3310,79,6241,0.5000,-0.8660,-0.5000,-1.0000,0.8660,-0.5000,0.8660,0.5000,1.0000
01NOV1994,7659724,6929897,9460490,4399304,729827,1291143,0.5653,80,6400,0.8660,-0.8660,0.5000,4.413E-15,-0.8660,-0.5000,-0.5000,-0.8660,-1.0000
01DEC1994,9337134,7537952,10068545,5007359,1799182,1291143,1.3935,81,6561,1.0000,-1.96E-14,1.0000,1.0000,-3.92E-14,1.0000,7.845E-15,1.0000,1.0000
01JAN1995,9840000,10272028,12802621,7741435,-432028,1291143,-0.3346,82,6724,0.8660,0.8660,0.5000,6.368E-15,0.8660,-0.5000,0.5000,-0.8660,-1.0000
01FEB1995,7318000,7279095,9809688,4748502,38905,1291143,0.0301,83,6889,0.5000,0.8660,-0.5000,-1.0000,-0.8660,-0.5000,-0.8660,0.5000,1.0000
01MAR1995,7284000,9061835,11592428,6531242,-1777835,1291143,-1.3769,84,7056,9.791E-16,1.958E-15,-1.0000,-1.71E-14,-3.92E-15,1.0000,1.0000,1.911E-14,-1.0000
01APR1995,8483000,7617541,10148133,5086948,865459,1291143,0.6703,85,7225,-0.5000,-0.8660,-0.5000,1.0000,0.8660,-0.5000,-0.8660,-0.5000,1.0000
01MAY1995,5031000,5060411,7591004,2529819,-29411,1291143,-0.0228,86,7396,-0.8660,-0.8660,0.5000,-4.93E-16,-0.8660,-0.5000,0.5000,0.8660,-1.0000
01JUN1995,4361000,4752328,7282921,2221736,-391328,1291143,-0.3031,87,7569,-1.0000,-1.27E-14,1.0000,-1.0000,-2.55E-14,1.0000,-1.08E-14,-1.0000,1.0000
01JUL1995,7522000,7202661,9733254,4672068,319339,1291143,0.2473,88,7744,-0.8660,0.8660,0.5000,-1.03E-14,0.8660,-0.5000,-0.5000,0.8660,-1.0000
01AUG1995,8405000,9010988,11541581,6480395,-605988,1291143,-0.4693,89,7921,-0.5000,0.8660,-0.5000,1.0000,-0.8660,-0.5000,0.8660,-0.5000,1.0000
01SEP1995,9160000,8117354,10647946,5586761,1042646,1291143,0.8075,90,8100,-1.18E-14,2.352E-14,-1.0000,2.107E-14,-4.7E-14,1.0000,-1.0000,-1.62E-14,-1.0000
01OCT1995,9222000,8512208,11042801,5981615,709792,1291143,0.5497,91,8281,0.5000,-0.8660,-0.5000,-1.0000,0.8660,-0.5000,0.8660,0.5000,1.0000
01NOV1995,8674000,7450746,9981339,4920154,1223254,1291143,0.9474,92,8464,0.8660,-0.8660,0.5000,-3.43E-15,-0.8660,-0.5000,-0.5000,-0.8660,-1.0000
01DEC1995,10660000,8068850,10599443,5538257,2591150,1291143,2.0069,93,8649,1.0000,-5.88E-15,1.0000,1.0000,-1.18E-14,1.0000,1.373E-14,1.0000,1.0000
01JAN1996,10425000,10812975,13343568,8282383,-387975,1291143,-0.3005,94,8836,0.8660,0.8660,0.5000,1.421E-14,0.8660,-0.5000,0.5000,-0.8660,-1.0000
01FEB1996,9365000,7830091,10360684,5299498,1534909,1291143,1.1888,95,9025,0.5000,0.8660,-0.5000,-1.0000,-0.8660,-0.5000,-0.8660,0.5000,1.0000
01MAR1996,10308000,9622880,12153473,7092287,685120,1291143,0.5306,96,9216,8.329E-15,1.666E-14,-1.0000,3.433E-15,-3.33E-14,1.0000,1.0000,1.323E-14,-1.0000
01APR1996,8638000,8188634,10719227,5658041,449366,1291143,0.3480,97,9409,-0.5000,-0.8660,-0.5000,1.0000,0.8660,-0.5000,-0.8660,-0.5000,1.0000
01MAY1996,6582000,5641554,8172147,3110961,940446,1291143,0.7284,98,9604,-0.8660,-0.8660,0.5000,7.347E-15,-0.8660,-0.5000,0.5000,0.8660,-1.0000
01JUN1996,4967000,5343520,7874112,2812927,-376520,1291143,-0.2916,99,9801,-1.0000,-2.74E-14,1.0000,-1.0000,-5.49E-14,1.0000,-1.67E-14,-1.0000,1.0000
01JUL1996,7718000,7803901,10334494,5273308,-85901,1291143,-0.0665,100,10000,-0.8660,0.8660,0.5000,-1.81E-14,0.8660,-0.5000,-0.5000,0.8660,-1.0000
01AUG1996,8769000,9622277,12152869,7091684,-853277,1291143,-0.6609,101,10201,-0.5000,0.8660,-0.5000,1.0000,-0.8660,-0.5000,0.8660,-0.5000,1.0000
01SEP1996,10527000,8738691,11269284,6208099,1788309,1291143,1.3851,102,10404,-4.9E-15,9.798E-15,-1.0000,4.868E-16,-1.96E-14,1.0000,-1.0000,-1.03E-14,-1.0000
01OCT1996,8486000,9143594,11674187,6613001,-657594,1291143,-0.5093,103,10609,0.5000,-0.8660,-0.5000,-1.0000,0.8660,-0.5000,0.8660,0.5000,1.0000
01NOV1996,8033000,8092182,10622775,5561589,-59182,1291143,-0.0458,104,10816,0.8660,-0.8660,0.5000,-1.13E-14,-0.8660,-0.5000,-0.5000,-0.8660,-1.0000
01DEC1996,10566000,8720334,11250927,6189741,1845666,1291143,1.4295,105,11025,1.0000,-2.06E-14,1.0000,1.0000,-4.12E-14,1.0000,1.961E-14,1.0000,1.0000
01JAN1997,9089000,11474508,14005101,8943915,-2385508,1291143,-1.8476,106,11236,0.8660,0.8660,0.5000,2.205E-14,0.8660,-0.5000,0.5000,-0.8660,-1.0000
01FEB1997,7927000,8501673,11032266,5971080,-574673,1291143,-0.4451,107,11449,0.5000,0.8660,-0.5000,-1.0000,-0.8660,-0.5000,-0.8660,0.5000,1.0000
01MAR1997,10113000,10304511,12835103,7773918,-191511,1291143,-0.1483,108,11664,1.568E-14,3.136E-14,-1.0000,-4.41E-15,-6.27E-14,1.0000,1.0000,7.345E-15,-1.0000
01APR1997,8410000,8880314,11410906,6349721,-470314,1291143,-0.3643,109,11881,-0.5000,-0.8660,-0.5000,1.0000,0.8660,-0.5000,-0.8660,-0.5000,1.0000
01MAY1997,6571000,6343282,8873875,3812689,227718,1291143,0.1764,110,12100,-0.8660,-0.8660,0.5000,1.519E-14,-0.8660,-0.5000,0.5000,0.8660,-1.0000
01JUN1997,5885000,6055297,8585889,3524704,-170297,1291143,-0.1319,111,12321,-1.0000,-1.37E-14,1.0000,-1.0000,-2.74E-14,1.0000,-2.25E-14,-1.0000,1.0000
01JUL1997,8534000,8525727,11056319,5995134,8273,1291143,0.006408,112,12544,-0.8660,0.8660,0.5000,-2.6E-14,0.8660,-0.5000,-0.5000,0.8660,-1.0000
01AUG1997,10135000,10354151,12884744,7823558,-219151,1291143,-0.1697,113,12769,-0.5000,0.8660,-0.5000,1.0000,-0.8660,-0.5000,0.8660,-0.5000,1.0000
01SEP1997,8182000,9480615,12011208,6950022,-1298615,1291143,-1.0058,114,12996,-1.22E-14,2.45E-14,-1.0000,3.675E-14,-4.9E-14,1.0000,-1.0000,-4.4E-15,-1.0000
01OCT1997,9052000,9895566,12426159,7364974,-843566,1291143,-0.6533,115,13225,0.5000,-0.8660,-0.5000,-1.0000,0.8660,-0.5000,0.8660,0.5000,1.0000
01NOV1997,10418000,8854203,11384796,6323610,1563797,1291143,1.2112,116,13456,0.8660,-0.8660,0.5000,9.314E-15,-0.8660,-0.5000,-0.5000,-0.8660,-1.0000
01DEC1997,11794000,9492404,12022997,6961811,2301596,1291143,1.7826,117,13689,1.0000,-6.86E-15,1.0000,1.0000,-1.37E-14,1.0000,2.549E-14,1.0000,1.0000
01JAN1998,13263000,12256627,14787220,9726034,1006373,1291143,0.7794,118,13924,0.8660,0.8660,0.5000,1.466E-15,0.8660,-0.5000,0.5000,-0.8660,-1.0000
01FEB1998,10313000,9293840,11824433,6763247,1019160,1291143,0.7893,119,14161,0.5000,0.8660,-0.5000,-1.0000,-0.8660,-0.5000,-0.8660,0.5000,1.0000
01MAR1998,11445000,11106727,13637320,8576134,338273,1291143,0.2620,120,14400,8.819E-15,1.764E-14,-1.0000,-1.22E-14,-3.53E-14,1.0000,1.0000,1.464E-15,-1.0000
01APR1998,10960000,9692579,12223171,7161986,1267421,1291143,0.9816,121,14641,-0.5000,-0.8660,-0.5000,1.0000,0.8660,-0.5000,-0.8660,-0.5000,1.0000
01MAY1998,7460000,7165596,9696189,4635003,294404,1291143,0.2280,122,14884,-0.8660,-0.8660,0.5000,2.303E-14,-0.8660,-0.5000,0.5000,0.8660,-1.0000
01JUN1998,4608000,6887659,9418252,4357066,-2279659,1291143,-1.7656,123,15129,-1.0000,-2.84E-14,1.0000,-1.0000,-5.68E-14,1.0000,-2.84E-14,-1.0000,1.0000
01JUL1998,6893000,9368138,11898731,6837545,-2475138,1291143,-1.9170,124,15376,-0.8660,0.8660,0.5000,-3.38E-14,0.8660,-0.5000,-0.5000,0.8660,-1.0000
01AUG1998,10118000,11206612,13737204,8676019,-1088612,1291143,-0.8431,125,15625,-0.5000,0.8660,-0.5000,1.0000,-0.8660,-0.5000,0.8660,-0.5000,1.0000
01SEP1998,9051000,10343124,12873717,7812531,-1292124,1291143,-1.0008,126,15876,-5.39E-15,1.078E-14,-1.0000,-1.23E-14,-2.16E-14,1.0000,-1.0000,1.476E-15,-1.0000
01OCT1998,9436000,10768124,13298717,8237531,-1332124,1291143,-1.0317,127,16129,0.5000,-0.8660,-0.5000,-1.0000,0.8660,-0.5000,0.8660,0.5000,1.0000
01NOV1998,10307000,9736809,12267402,7206217,570191,1291143,0.4416,128,16384,0.8660,-0.8660,0.5000,1.474E-15,-0.8660,-0.5000,-0.5000,-0.8660,-1.0000
01DEC1998,11327000,10385060,12915652,7854467,941940,1291143,0.7295,129,16641,1.0000,-2.16E-14,1.0000,1.0000,-4.31E-14,1.0000,3.137E-14,1.0000,1.0000
01JAN1999,12603013,13159331,15689924,10628738,-556318,1291143,-0.4309,130,16900,0.8660,0.8660,0.5000,9.307E-15,0.8660,-0.5000,0.5000,-0.8660,-1.0000
01FEB1999,8384613,10206593,12737186,7676000,-1821980,1291143,-1.4111,131,17161,0.5000,0.8660,-0.5000,-1.0000,-0.8660,-0.5000,-0.8660,0.5000,1.0000
01MAR1999,12627362,12029529,14560122,9498936,597833,1291143,0.4630,132,17424,1.617E-14,3.234E-14,-1.0000,-2.01E-14,-6.47E-14,1.0000,1.0000,-4.42E-15,-1.0000
01APR1999,9296622,10625429,13156022,8094837,-1328807,1291143,-1.0292,133,17689,-0.5000,-0.8660,-0.5000,1.0000,0.8660,-0.5000,-0.8660,-0.5000,1.0000
01MAY1999,7936936,8108495,10639088,5577903,-171559,1291143,-0.1329,134,17956,-0.8660,-0.8660,0.5000,3.087E-14,-0.8660,-0.5000,0.5000,0.8660,-1.0000
01JUN1999,6698641,7840608,10371200,5310015,-1141967,1291143,-0.8845,135,18225,-1.0000,-1.47E-14,1.0000,-1.0000,-2.94E-14,1.0000,-3.43E-14,-1.0000,1.0000
01JUL1999,10987359,10331135,12861728,7800542,656224,1291143,0.5083,136,18496,-0.8660,0.8660,0.5000,1.519E-14,0.8660,-0.5000,-0.5000,0.8660,-1.0000
01AUG1999,13223954,12179657,14710250,9649065,1044297,1291143,0.8088,137,18769,-0.5000,0.8660,-0.5000,1.0000,-0.8660,-0.5000,0.8660,-0.5000,1.0000
01SEP1999,12139242,11326219,13856811,8795626,813023,1291143,0.6297,138,19044,-1.27E-14,2.548E-14,-1.0000,-4.41E-15,-5.1E-14,1.0000,-1.0000,7.357E-15,-1.0000
01OCT1999,13246477,11761268,14291861,9230675,1485209,1291143,1.1503,139,19321,0.5000,-0.8660,-0.5000,-1.0000,0.8660,-0.5000,0.8660,0.5000,1.0000
01NOV1999,9757839,10740002,13270595,8209409,-982163,1291143,-0.7607,140,19600,0.8660,-0.8660,0.5000,-6.37E-15,-0.8660,-0.5000,-0.5000,-0.8660,-1.0000
01DEC1999,14446017,11398301,13928894,8867708,3047716,1291143,2.3605,141,19881,1.0000,-7.84E-15,1.0000,1.0000,-1.57E-14,1.0000,-1.96E-14,1.0000,1.0000
01JAN2000,14518000,14182621,16713214,11652028,335379,1291143,0.2598,142,20164,0.8660,0.8660,0.5000,1.715E-14,0.8660,-0.5000,0.5000,-0.8660,-1.0000
01FEB2000,13293000,11239932,13770525,8709339,2053068,1291143,1.5901,143,20449,0.5000,0.8660,-0.5000,-1.0000,-0.8660,-0.5000,-0.8660,0.5000,1.0000
01MAR2000,10718000,13072916,15603509,10542324,-2354916,1291143,-1.8239,144,20736,9.309E-15,1.862E-14,-1.0000,-2.79E-14,-3.72E-14,1.0000,1.0000,-1.03E-14,-1.0000
01APR2000,11575000,11678866,14209459,9148273,-103866,1291143,-0.0804,145,21025,-0.5000,-0.8660,-0.5000,1.0000,0.8660,-0.5000,-0.8660,-0.5000,1.0000
01MAY2000,7967000,9171981,11702573,6641388,-1204981,1291143,-0.9333,146,21316,-0.8660,-0.8660,0.5000,3.871E-14,-0.8660,-0.5000,0.5000,0.8660,-1.0000
01JUN2000,7348000,8914142,11444734,6383549,-1566142,1291143,-1.2130,147,21609,-1.0000,-2.94E-14,1.0000,-1.0000,-5.88E-14,1.0000,-4.02E-14,-1.0000,1.0000
01JUL2000,11335000,11414718,13945311,8884125,-79718,1291143,-0.0617,148,21904,-0.8660,0.8660,0.5000,7.355E-15,0.8660,-0.5000,-0.5000,0.8660,-1.0000
01AUG2000,12399000,13273289,15803882,10742696,-874289,1291143,-0.6771,149,22201,-0.5000,0.8660,-0.5000,1.0000,-0.8660,-0.5000,0.8660,-0.5000,1.0000
01SEP2000,11453000,12429899,14960492,9899306,-976899,1291143,-0.7566,150,22500,-5.88E-15,1.176E-14,-1.0000,3.426E-15,-2.35E-14,1.0000,-1.0000,-4.36E-14,-1.0000
01OCT2000,12238000,12874997,15405590,10344404,-636997,1291143,-0.4934,151,22801,0.5000,-0.8660,-0.5000,-1.0000,0.8660,-0.5000,0.8660,0.5000,1.0000
01NOV2000,10797000,11863780,14394373,9333187,-1066780,1291143,-0.8262,152,23104,0.8660,-0.8660,0.5000,-1.42E-14,-0.8660,-0.5000,-0.5000,-0.8660,-1.0000
01DEC2000,14016000,12532128,15062721,10001535,1483872,1291143,1.1493,153,23409,1.0000,-2.25E-14,1.0000,1.0000,-4.51E-14,1.0000,-1.37E-14,1.0000,1.0000
01JAN2001,,15326497,17857090,12795904,,1291143,,154,23716,0.8660,0.8660,0.5000,0,0.8660,-0.5000,0.5000,-0.8660,-1.0000
01FEB2001,,12393857,14924449,9863264,,1291143,,155,24025,0.5000,0.8660,-0.5000,-1.0000,-0.8660,-0.5000,-0.8660,0.5000,1.0000
01MAR2001,,14236890,16767483,11706297,,1291143,,156,24336,9.769E-15,1.809E-14,-1.0000,0,-4.39E-14,1.0000,1.0000,0,-1.0000
01APR2001,,12852888,15383481,10322295,,1291143,,157,24649,-0.5000,-0.8660,-0.5000,1.0000,0.8660,-0.5000,-0.8660,-0.5000,1.0000
01MAY2001,,10356052,12886644,7825459,,1291143,,158,24964,-0.8660,-0.8660,0.5000,0,-0.8660,-0.5000,0.5000,0.8660,-1.0000
01JUN2001,,10108261,12638854,7577669,,1291143,,159,25281,-1.0000,-2.64E-14,1.0000,-1.0000,-4.61E-14,1.0000,-1.09E-14,-1.0000,1.0000
01JUL2001,,12618887,15149479,10088294,,1291143,,160,25600,-0.8660,0.8660,0.5000,0,0.8660,-0.5000,-0.5000,0.8660,-1.0000
01AUG2001,,14487507,17018099,11956914,,1291143,,161,25921,-0.5000,0.8660,-0.5000,1.0000,-0.8660,-0.5000,0.8660,-0.5000,1.0000
01SEP2001,,13654165,16184758,11123572,,1291143,,162,26244,-7.37E-15,1.358E-14,-1.0000,0,-3.21E-14,1.0000,-1.0000,0,-1.0000
01OCT2001,,14109312,16639905,11578719,,1291143,,163,26569,0.5000,-0.8660,-0.5000,-1.0000,0.8660,-0.5000,0.8660,0.5000,1.0000
01NOV2001,,13108144,15638737,10577551,,1291143,,164,26896,0.8660,-0.8660,0.5000,0,-0.8660,-0.5000,-0.5000,-0.8660,-1.0000
01DEC2001,,13786540,16317133,11255947,,1291143,,165,27225,1.0000,-1.99E-14,1.0000,1.0000,-3.3E-14,1.0000,4.025E-15,1.0000,1.0000
