DATE,ACTUAL,PREDICT,UPPER,LOWER,ERROR,STD,NERROR,_LINEAR_,_QUAD_,cos1,sin2,cos2,cos3,sin4,sin5,cos5,cos6,cos4
1982-01-01,13837100,12280265.126234265,14810857.959065996,9749672.293402534,1556834.873765735,1291142.51730783,1.2057808126494833,-50,2500,0.8660254037844387,0.8660254037844386,0.5000000000000001,6.123233995736766e-17,0.8660254037844387,0.49999999999999994,-0.8660254037844387,-1,-0.4999999999999998
1982-02-01,8937600,9176795.000606371,11707387.833438102,6646202.16777464,-239195.0006063711,1291142.51730783,-0.18525840284860126,-49,2401,0.5000000000000001,0.8660254037844387,-0.4999999999999998,-1,-0.8660254037844384,-0.8660254037844386,0.5000000000000001,1,-0.5000000000000004
1982-03-01,9269900,10848998.43304744,13379591.265879171,8318405.600215709,-1579098.43304744,1291142.51730783,-1.223024113821322,-48,2304,6.123233995736766e-17,1.2246467991473532e-16,-1,-1.8369701987210297e-16,-2.4492935982947064e-16,1,3.061616997868383e-16,-1,1
1982-04-01,10497400,9294166.888860011,11824759.721691743,6763574.05602828,1203233.1111399885,1291142.51730783,0.9319134758638868,-47,2209,-0.4999999999999998,-0.8660254037844384,-0.5000000000000004,1,0.8660254037844392,-0.8660254037844387,-0.49999999999999983,1,-0.4999999999999992
1982-05-01,8337900,6626500.785029495,9157093.617861226,4095907.9521977645,1711399.2149705049,1291142.51730783,1.3254921064321814,-46,2116,-0.8660254037844385,-0.866025403784439,0.49999999999999933,3.061616997868383e-16,-0.8660254037844378,0.5000000000000006,0.8660254037844383,-1,-0.5000000000000013
1982-06-01,6429600,6207880.870828999,8738473.70366073,3677288.0379972686,221719.1291710008,1291142.51730783,0.17172320344101816,-45,2025,-1,-2.4492935982947064e-16,1,-1,-4.898587196589413e-16,6.123233995736766e-16,-1,1,1
1982-07-01,9375500,8547676.368201146,11078269.201032877,6017083.535369415,827823.6317988541,1291142.51730783,0.6411558915470886,-44,1936,-0.8660254037844388,0.8660254037844384,0.5000000000000006,-4.286263797015736e-16,0.8660254037844393,-0.5000000000000001,0.8660254037844386,-1,-0.499999999999999
1982-08-01,9191700,10245466.499716869,12776059.3325486,7714873.666885138,-1053766.4997168686,1291142.51730783,-0.8161504137545438,-43,1849,-0.5000000000000004,0.8660254037844392,-0.4999999999999992,1,-0.8660254037844377,0.8660254037844385,-0.5000000000000003,1,-0.5000000000000016
1982-09-01,12353300,9241295.485053038,11771888.31788477,6710702.652221307,3112004.514946962,1291142.51730783,2.410271889609695,-42,1764,-1.8369701987210297e-16,3.6739403974420594e-16,-1,5.51091059616309e-16,-7.347880794884119e-16,-1,8.578717400397356e-16,-1,1
1982-10-01,9777900,9525612.68202715,12056205.514858881,6995019.849195419,252287.31797285005,1291142.51730783,0.1953985052702749,-41,1681,0.49999999999999933,-0.8660254037844378,-0.5000000000000013,-1,0.8660254037844403,0.8660254037844394,0.49999999999999883,1,-0.4999999999999972
1982-11-01,9134100,8353614.438773811,10884207.271605542,5823021.60594208,780485.5612261891,1291142.51730783,0.6044921848391956,-40,1600,0.8660254037844384,-0.8660254037844392,0.4999999999999991,-2.4499125789312946e-15,-0.8660254037844376,-0.5000000000000016,-0.8660254037844377,-1,-0.5000000000000018
1982-12-01,11450700,8861181.300119556,11391774.132951288,6330588.467287825,2589518.6998804435,1291142.51730783,2.005602530447116,-39,1521,1,-4.898587196589413e-16,1,1,-9.797174393178826e-16,-1.2246467991473533e-15,1,1,1
1983-01-01,9435899,11494769.622102104,14025362.454933835,8964176.789270373,-2058870.6221021041,1291142.51730783,-1.5946114348360776,-38,1444,0.866025403784439,0.8660254037844378,0.5000000000000014,-9.803364199544708e-16,0.8660254037844404,0.5000000000000007,-0.8660254037844383,-1,-0.499999999999997
1983-02-01,7966280,8401348.30493085,10931941.137762582,5870755.47209912,-435068.30493085086,1291142.51730783,-0.3369638123590064,-37,1369,0.5000000000000006,0.8660254037844393,-0.499999999999999,-1,-0.8660254037844375,-0.8660254037844388,0.4999999999999998,1,-0.500000000000002
1983-03-01,10681175,10083600.545828559,12614193.37866029,7553007.712996827,597574.4541714415,1291142.51730783,0.4628260987156151,-36,1296,1.1943401194869635e-15,2.388680238973927e-15,-1,-2.6948419387607653e-15,-4.777360477947854e-15,1,-2.45548340466059e-16,-1,1
1983-04-01,8806186,8538817.810097774,11069410.642929506,6008224.977266043,267368.1899022255,1291142.51730783,0.2070787587877725,-35,1225,-0.4999999999999992,-0.8660254037844377,-0.5000000000000016,1,0.8660254037844405,-0.866025403784439,-0.4999999999999994,1,-0.49999999999999684
1983-05-01,6468370,5881200.5147239,8411793.34755563,3350607.681892169,587169.4852761002,1291142.51730783,0.45476736874904505,-34,1156,-0.8660254037844379,-0.8660254037844402,0.49999999999999734,-7.354070601250002e-16,-0.8660254037844356,0.5000000000000011,0.866025403784438,-1,-0.5000000000000053
1983-06-01,6724201,5472629.408980037,8003222.241811767,2942036.5761483065,1251571.591019963,1291142.51730783,0.9693520074217858,-33,1089,-1,-7.347880794884119e-16,1,-1,-1.4695761589768238e-15,-1.7157434800794711e-15,-1,1,1
1983-07-01,7468720,7822473.714808824,10353066.547640555,5291880.8819770925,-353753.71480882354,1291142.51730783,-0.27398502494243454,-32,1024,-0.8660254037844392,0.8660254037844377,0.5000000000000017,-2.939771298590236e-15,0.8660254037844406,-0.4999999999999981,0.8660254037844397,-1,-0.4999999999999966
1983-08-01,11850333,9530312.654781189,12060905.48761292,6999719.821949458,2320020.345218811,1291142.51730783,1.7968739423563413,-31,961,-0.5000000000000013,0.8660254037844403,-0.4999999999999972,1,-0.8660254037844355,0.8660254037844373,-0.5000000000000023,1,-0.5000000000000056
1983-09-01,9334953,8536190.448573995,11066783.281405726,6005597.615742264,798762.5514260046,1291142.51730783,0.61864785700924,-30,900,-4.286263797015736e-16,8.572527594031472e-16,-1,-4.904777002955296e-16,-1.7145055188062944e-15,-1,3.185938619692883e-15,-1,1
1983-10-01,9170822,8830556.454004753,11361149.286836484,6299963.621173022,340265.5459952466,1291142.51730783,0.26353833247218644,-29,841,0.4999999999999991,-0.8660254037844376,-0.5000000000000018,-1,0.8660254037844407,0.8660254037844405,0.49999999999999684,1,-0.4999999999999964
1983-11-01,6759958,7668607.019208051,10199199.852039782,5138014.18637632,-908649.0192080513,1291142.51730783,-0.7037557876280625,-28,784,0.8660254037844378,-0.8660254037844403,0.4999999999999971,-3.1847006584197066e-15,-0.8660254037844354,-0.5000000000000037,-0.8660254037844366,-1,-0.5000000000000058
1983-12-01,6450523,8186222.689010436,10716815.521842167,5655629.856178705,-1735699.6890104357,1291142.51730783,-1.3443130140501878,-27,729,1,-9.797174393178826e-16,1,1,-1.959434878635765e-15,-2.4492935982947065e-15,1,1,1
1984-01-01,10439811,10829859.819449626,13360452.652281357,8299266.986617895,-390048.8194496259,1291142.51730783,-0.3020958679781682,-26,676,0.8660254037844392,0.8660254037844376,0.5000000000000019,-2.45548340466059e-16,0.8660254037844408,0.5000000000000017,-0.8660254037844377,-1,-0.49999999999999617
1984-02-01,7026791,7746487.310735015,10277080.143566746,5215894.477903284,-719696.3107350152,1291142.51730783,-0.5574104338502142,-25,625,0.5000000000000014,0.8660254037844404,-0.499999999999997,-1,-0.8660254037844353,-0.8660254037844394,0.4999999999999987,1,-0.500000000000006
1984-03-01,11771424,9438788.360089356,11969381.192921087,6908195.527257625,2332635.639910644,1291142.51730783,1.806644586977461,-24,576,2.3274478990165594e-15,4.654895798033119e-15,-1,-3.4296300182491773e-15,-9.309791596066238e-15,1,9.790984586812941e-16,-1,1
1984-04-01,6017676,7904054.432815216,10434647.265646946,5373461.599983485,-1886378.4328152156,1291142.51730783,-1.4610148821901674,-23,529,-0.499999999999999,-0.8660254037844375,-0.500000000000002,1,0.8660254037844409,-0.8660254037844384,-0.5000000000000004,1,-0.49999999999999595
1984-05-01,4757449,5256485.94589798,7787078.778729711,2725893.113066249,-499036.94589797966,1291142.51730783,-0.38650802619258867,-22,484,-0.8660254037844377,-0.8660254037844404,0.49999999999999695,-6.189806365883577e-19,-0.866025403784435,0.5,0.8660254037844386,-1,-0.5000000000000061
1984-06-01,4003151,4857963.648610748,7388556.481442479,2327370.8157790178,-854812.6486107484,1291142.51730783,-0.6620590966155494,-21,441,-1,-4.777360477947854e-15,1,-1,-9.554720955895708e-15,-4.91096680932118e-16,-1,1,1
1984-07-01,6131354,7217856.762896182,9748449.595727913,4687263.930064451,-1086502.762896182,1291142.51730783,-0.8415049061831348,-20,400,-0.8660254037844393,0.8660254037844374,0.5000000000000021,-3.674559378078648e-15,0.8660254037844412,-0.49999999999999917,0.8660254037844392,-1,-0.4999999999999958
1984-08-01,10162990,8935744.51132519,11466337.34415692,6405151.678493459,1227245.4886748102,1291142.51730783,0.9505112504805031,-19,361,-0.5000000000000016,0.8660254037844405,-0.49999999999999684,1,-0.8660254037844349,0.8660254037844379,-0.5000000000000012,1,-0.5000000000000063
1984-09-01,7349493,7951671.113574633,10482263.946406364,5421078.280742902,-602178.1135746334,1291142.51730783,-0.46639166900818896,-18,324,-2.4499125789312946e-15,4.899825157862589e-15,-1,2.443103791928823e-16,-9.799650315725178e-15,-1,1.96129182054553e-15,-1,1
1984-10-01,8028672,8256085.927462036,10786678.760293767,5725493.094630305,-227413.9274620358,1291142.51730783,-0.17613386935488587,-17,289,0.49999999999999734,-0.8660254037844356,-0.5000000000000053,-1,0.8660254037844448,0.8660254037844398,0.4999999999999979,1,-0.4999999999999894
1984-11-01,5534705,7104185.301121977,9634778.133953707,4573592.468290247,-1569480.3011219772,1291142.51730783,-1.2155747952553766,-16,256,0.8660254037844368,-0.8660254037844424,0.4999999999999936,-3.919488737908119e-15,-0.8660254037844313,-0.5000000000000026,-0.8660254037844372,-1,-0.5000000000000128
1984-12-01,6113325,7631849.779380999,10162442.612212729,5101256.946549268,-1518524.7793809986,1291142.51730783,-1.1761093442630057,-15,225,1,-1.4695761589768238e-15,1,1,-2.9391523179536475e-15,3.4314869601589423e-15,1,1,1
1985-01-01,11298626,10285535.718276823,12816128.551108554,7754942.885445092,1013090.2817231771,1291142.51730783,0.7846463640865754,-14,196,0.8660254037844394,0.8660254037844373,0.5000000000000023,4.892397390223529e-16,0.8660254037844414,0.4999999999999966,-0.8660254037844406,-1,-0.49999999999999534
1985-02-01,7678109,7212212.018018856,9742804.850850586,4681619.185187126,465896.9819811443,1291142.51730783,0.36084086437846474,-13,169,0.5000000000000017,0.8660254037844406,-0.4999999999999966,-1,-0.8660254037844347,-0.8660254037844365,0.5000000000000038,1,-0.5000000000000068
1985-03-01,6948456,8914561.875829838,11445154.70866157,6383969.042998107,-1966105.8758298382,1291142.51730783,-1.5227644117315406,-12,144,2.57237725884603e-15,5.14475451769206e-15,-1,-4.164418097737589e-15,-1.028950903538412e-14,1,-4.9016820997723545e-15,-1,1
1985-04-01,7715491,7389876.75701234,9920469.58984407,4859283.92418061,325614.24298765976,1291142.51730783,0.25219078345169843,-11,121,-0.4999999999999972,-0.8660254037844355,-0.5000000000000056,1,0.866025403784445,-0.8660254037844414,-0.49999999999999534,1,-0.49999999999998895
1985-05-01,5057673,4752357.078551758,7282949.911383489,2221764.2457200275,305315.9214482419,1291142.51730783,0.2364695743153577,-10,100,-0.8660254037844367,-0.8660254037844425,0.49999999999999345,7.839596456452825e-15,-0.866025403784431,0.5000000000000051,0.8660254037844357,-1,-0.5000000000000131
1985-06-01,4756542,4363883.589721153,6894476.422552884,1833290.756889422,392658.41027884744,1291142.51730783,0.304117016530121,-9,81,-1,-1.7145055188062944e-15,1,-1,-3.429011037612589e-15,-6.371877239385766e-15,-1,1,1
1985-07-01,7100544,6733825.512463223,9264418.345294954,4203232.679631492,366718.4875367768,1291142.51730783,0.28402634304183866,-8,64,-0.8660254037844394,0.8660254037844372,0.5000000000000026,-4.40934745756706e-15,0.8660254037844416,-0.49999999999999406,0.866025403784442,-1,-0.4999999999999949
1985-08-01,9234738,8461762.069348868,10992354.902180599,5931169.236517137,772975.930651132,1291142.51730783,0.5986759170961772,-7,49,-0.5000000000000018,0.8660254037844407,-0.4999999999999964,1,-0.8660254037844345,0.8660254037844349,-0.5000000000000063,1,-0.5000000000000072
1985-09-01,6327204,7487737.480054951,10018330.312886681,4957144.647223221,-1160533.4800549513,1291142.51730783,-0.8988422768965795,-6,36,-2.6948419387607653e-15,5.3896838775215305e-15,-1,9.790984586812941e-16,-1.0779367755043061e-14,-1,7.842072378999179e-15,-1,1
1985-10-01,8991172,7802201.102399,10332793.93523073,5271608.26956727,1188970.897601,1291142.51730783,0.9208672796866231,-5,25,0.4999999999999971,-0.8660254037844354,-0.5000000000000058,-1,0.8660254037844453,0.8660254037844428,0.4999999999999928,1,-0.49999999999998856
1985-11-01,5077428,6660349.284515577,9190942.117347308,4129756.451683847,-1582921.2845155774,1291142.51730783,-1.225984942248,-4,16,0.8660254037844367,-0.8660254037844426,0.4999999999999932,2.4511505402044715e-15,-0.8660254037844308,-0.5000000000000077,-0.8660254037844343,-1,-0.5000000000000135
1985-12-01,5534582,7198062.571231232,9728655.404062962,4667469.738399502,-1663480.571231232,1291142.51730783,-1.2883787412560517,-3,9,1,-1.959434878635765e-15,1,1,-3.91886975727153e-15,-4.898587196589413e-15,1,1,1
1986-01-01,11521428,9861797.31858371,12392390.151415441,7331204.485751979,1659630.6814162899,1291142.51730783,1.2853969714178393,-2,4,0.8660254037844395,0.866025403784437,0.5000000000000028,8.329455176111767e-15,0.8660254037844418,0.5000000000000038,-0.8660254037844365,-1,-0.4999999999999945
1986-02-01,5970190,6798522.426782376,9329115.259614106,4267929.593950646,-828332.4267823761,1291142.51730783,-0.6415499572499074,-1,1,0.5000000000000019,0.8660254037844408,-0.49999999999999617,-1,-0.8660254037844343,-0.8660254037844406,0.4999999999999966,1,-0.5000000000000077
1986-03-01,7808768,8510921.093049996,11041513.925881727,5980328.260218265,-702153.0930499956,1291142.51730783,-0.5438230742443985,0,0,2.8173066186755008e-15,5.6346132373510016e-15,-1,-4.899206177226001e-15,-1.1269226474702003e-14,1,3.4283920569760004e-15,-1,1
1986-04-01,7230095,6996284.782689147,9526877.615520878,4465691.949857416,233810.2173108533,1291142.51730783,0.181087845978748,1,1,-0.499999999999997,-0.8660254037844353,-0.500000000000006,1,0.8660254037844455,-0.8660254037844372,-0.5000000000000026,1,-0.4999999999999881
1986-05-01,4218875,4368813.912685188,6899406.745516919,1838221.0798534579,-149938.91268518846,1291142.51730783,-0.11612886313884783,2,4,-0.8660254037844366,-0.8660254037844427,0.499999999999993,1.4689571783402355e-15,-0.8660254037844306,0.4999999999999979,0.8660254037844398,-1,-0.500000000000014
1986-06-01,4486385,3990389.232311219,6520982.06514295,1459796.3994794884,495995.767688781,1291142.51730783,0.38415260983193794,3,9,-1,-9.309791596066238e-15,1,-1,-1.8619583192132475e-14,1.9581969173625882e-15,-1,1,1
1986-07-01,4231782,6370379.963509944,8900972.796341674,3839787.1306782137,-2138597.9635099443,1291142.51730783,-1.6563608856822012,4,16,-0.8660254037844395,0.8660254037844369,0.500000000000003,1.96129182054553e-15,0.866025403784442,-0.5000000000000012,0.8660254037844379,-1,-0.49999999999999406
1986-08-01,5210469,8108365.32885223,10638958.16168396,5577772.4960205,-2897896.3288522298,1291142.51730783,-2.244443421238,5,25,-0.500000000000002,0.8660254037844409,-0.49999999999999595,1,-0.866025403784434,0.8660254037844392,-0.49999999999999917,1,-0.5000000000000081
1986-09-01,5321766,7144389.548014958,9674982.380846689,4613796.715183228,-1822623.5480149584,1291142.51730783,-1.4116362241833094,6,36,-2.939771298590236e-15,5.879542597180472e-15,-1,8.819313895770708e-15,-1.1759085194360944e-14,-1,-4.880017777491762e-16,-1,1
1986-10-01,4555609,7468901.978815636,9999494.811647367,4938309.145983905,-2913292.9788156357,1291142.51730783,-2.256368247318013,7,49,0.49999999999999695,-0.866025403784435,-0.5000000000000061,-1,0.8660254037844457,0.8660254037844386,0.5,1,-0.4999999999999877
1986-11-01,4146407,6337098.969388858,8867691.802220589,3806506.136557128,-2190691.9693888584,1291142.51730783,-1.6967081015631682,8,64,0.8660254037844366,-0.8660254037844428,0.4999999999999928,-5.389064896884942e-15,-0.8660254037844303,-0.5000000000000004,-0.8660254037844384,-1,-0.5000000000000144
1986-12-01,4932106,6884861.064561139,9415453.897392869,4354268.231729409,-1952755.0645611389,1291142.51730783,-1.5124241037564479,9,81,1,-9.554720955895708e-15,1,1,-1.9109441911791416e-14,9.82193361864236e-16,1,1,1
1987-01-01,9913116,9558644.620370265,12089237.453201996,7028051.787538534,354471.3796297349,1291142.51730783,0.27454086197149297,10,100,0.8660254037844396,0.8660254037844368,0.5000000000000032,1.9588158979991767e-15,0.8660254037844424,0.4999999999999987,-0.8660254037844394,-1,-0.4999999999999936
1987-02-01,5345289,6505418.537025576,9036011.369857308,3974825.704193846,-1160129.5370255765,1291142.51730783,-0.8985294198541075,11,121,0.5000000000000021,0.8660254037844412,-0.4999999999999958,-1,-0.8660254037844337,-0.8660254037844377,0.5000000000000017,1,-0.5000000000000084
1987-03-01,9602365,8227866.011749841,10758458.844581572,5697273.17891811,1374498.9882501587,1291142.51730783,1.0645602401167424,12,144,6.614949657305472e-15,1.3229899314610944e-14,-1,1.471433100886589e-15,-2.6459798629221888e-14,1,-2.452388501477648e-15,-1,1
1987-04-01,5869840,6723278.509845624,9253871.342677355,4192685.677013893,-853438.5098456237,1291142.51730783,-0.660994815371067,13,169,-0.49999999999999684,-0.8660254037844349,-0.5000000000000063,1,0.866025403784446,-0.8660254037844402,-0.49999999999999745,1,-0.4999999999999873
1987-05-01,4279168,4105856.4482983053,6636449.281130036,1575263.6154665747,173311.55170169473,1291142.51730783,0.134231155258575,14,196,-0.8660254037844383,-0.8660254037844394,0.4999999999999987,9.309172615429648e-15,-0.8660254037844372,0.500000000000003,0.8660254037844369,-1,-0.5000000000000026
1987-06-01,4775934,3737480.5763809755,6268073.409212707,1206887.743549245,1038453.4236190245,1291142.51730783,0.8042903162884844,15,225,-1,-9.799650315725178e-15,1,-1,-1.9599300631450357e-14,-3.92258364109106e-15,-1,1,1
1987-07-01,6145364,6127520.116036341,8658112.948868072,3596927.28320461,17843.883963659406,1291142.51730783,0.013820227995330685,16,256,-0.8660254037844396,0.8660254037844367,0.5000000000000034,-5.8789236165438834e-15,0.8660254037844426,-0.49999999999999617,0.8660254037844408,-1,-0.4999999999999932
1987-08-01,10242058,7875554.2898352705,10406147.122667002,5344961.457003539,2366503.7101647295,1291142.51730783,1.8328756728568913,17,289,-0.5000000000000053,0.8660254037844448,-0.4999999999999894,1,-0.8660254037844264,0.8660254037844362,-0.5000000000000042,1,-0.5000000000000212
1987-09-01,8503891,6921627.317454632,9452220.150286363,4391034.484622901,1582263.6825453676,1291142.51730783,1.2254756243676,18,324,-3.1847006584197066e-15,6.369401316839413e-15,-1,2.448674617658118e-15,-1.2738802633678827e-14,-1,5.392778780704473e-15,-1,1
1987-10-01,4272022,7256188.556711967,9786781.389543697,4725595.723880237,-2984166.556711967,1291142.51730783,-2.3112603889261374,19,361,0.4999999999999936,-0.8660254037844313,-0.5000000000000128,-1,0.8660254037844534,0.8660254037844416,0.4999999999999949,1,-0.4999999999999745
1987-11-01,6394995,6134434.355741819,8665027.18857355,3603841.5229100888,260560.64425818063,1291142.51730783,0.20180626132696597,20,400,0.8660254037844365,-0.866025403784443,0.49999999999999234,9.815743812276475e-16,-0.8660254037844298,-0.5000000000000056,-0.8660254037844355,-1,-0.5000000000000153
1987-12-01,2712844,6692245.259370757,9222838.092202488,4161652.4265390267,-3979401.2593707573,1291142.51730783,-3.082077467070199,21,441,1,-2.9391523179536475e-15,1,1,-5.878304635907295e-15,6.8629739203178846e-15,1,1,1
1988-01-01,10108380,9376077.623636503,11906670.456468234,6845484.790804772,732302.3763634972,1291142.51730783,0.5671739304894288,22,484,0.8660254037844415,0.866025403784433,0.5000000000000098,9.79903133508859e-15,0.8660254037844499,0.4999999999999936,-0.8660254037844424,-1,-0.49999999999998046
1988-02-01,7273620,6332900.348748458,8863493.181580188,3802307.515916727,940719.6512515424,1291142.51730783,0.7285947435245517,23,529,0.5000000000000023,0.8660254037844414,-0.49999999999999534,-1,-0.8660254037844333,-0.8660254037844347,0.5000000000000068,1,-0.5000000000000093
1988-03-01,7628260,8065396.6319293585,10595989.46476109,5534803.799097627,-437136.63192935847,1291142.51730783,-0.33856574783149035,24,576,6.859879017134943e-15,1.3719758034269886e-14,-1,-6.368782336202825e-15,-2.7439516068539772e-14,1,-8.333169059931296e-15,-1,1
1988-04-01,6679694,6570857.938481782,9101450.771313513,4040265.105650051,108836.06151821837,1291142.51730783,0.08429438273410217,25,625,-0.4999999999999966,-0.8660254037844347,-0.5000000000000068,1,0.8660254037844465,-0.866025403784443,-0.49999999999999234,1,-0.4999999999999864
1988-05-01,3924304,3963484.6853911057,6494077.518222837,1432891.852559375,-39180.68539110571,1291142.51730783,-0.030345747944852456,26,676,-0.8660254037844382,-0.8660254037844396,0.4999999999999983,2.9385333373170594e-15,-0.8660254037844367,0.5000000000000081,0.866025403784434,-1,-0.5000000000000034
1988-06-01,3387166,3605157.621930411,6135750.454762142,1074564.7890986805,-217991.6219304111,1291142.51730783,-0.16883621986591138,27,729,-1,-1.028950903538412e-14,1,-1,-2.057901807076824e-14,-9.803364199544709e-15,-1,1,1
1988-07-01,6099520,6005245.970042426,8535838.802874157,3474653.1372106955,94274.02995757386,1291142.51730783,0.07301597514900622,28,784,-0.8660254037844397,0.8660254037844365,0.5000000000000038,4.917156615687063e-16,0.866025403784443,-0.49999999999999106,0.8660254037844438,-1,-0.49999999999999234
1988-08-01,7572069,7763328.952297991,10293921.785129722,5232736.11946626,-191259.95229799114,1291142.51730783,-0.1481323322051144,29,841,-0.5000000000000056,0.866025403784445,-0.49999999999998895,1,-0.8660254037844259,0.8660254037844333,-0.5000000000000093,1,-0.5000000000000221
1988-09-01,6921302,6819450.788373994,9350043.621205725,4288857.955542263,101851.21162600629,1291142.51730783,0.07888456174332864,30,900,-3.4296300182491773e-15,6.859260036498355e-15,-1,1.0288890054747531e-14,-1.371852007299671e-14,-1,1.1273559339158122e-14,-1,1
1988-10-01,9021678,7164060.83608797,9694653.668919701,4633468.003256239,1857617.16391203,1291142.51730783,1.4387390539855818,31,961,0.49999999999999345,-0.866025403784431,-0.5000000000000131,-1,0.8660254037844538,0.8660254037844445,0.4999999999999898,1,-0.4999999999999737
1988-11-01,5789416,6052355.44357446,8582948.276406191,3521762.6107427296,-262939.4435744602,1291142.51730783,-0.2036486600431353,32,1024,0.8660254037844363,-0.8660254037844433,0.49999999999999195,7.352213659340238e-15,-0.8660254037844294,-0.5000000000000107,-0.8660254037844325,-1,-0.5000000000000161
1988-12-01,4105398,6620215.15566004,9150807.98849177,4089622.322828309,-2514817.1556600397,1291142.51730783,-1.9477455989163008,33,1089,1,-3.429011037612589e-15,1,1,-6.858022075225178e-15,1.2743754478771533e-14,1,1,1
1989-01-01,9771094,9314096.328382416,11844689.161214147,6783503.495550685,456997.6716175843,1291142.51730783,0.35394827874654244,34,1156,0.8660254037844416,0.8660254037844327,0.5000000000000102,3.4283920569760004e-15,0.8660254037844504,0.49999999999998856,-0.8660254037844453,-1,-0.4999999999999796
1989-02-01,6014135,6280967.861951018,8811560.694782749,3750375.029119287,-266832.86195101775,1291142.51730783,-0.20666414309350817,35,1225,0.5000000000000026,0.8660254037844416,-0.4999999999999949,-1,-0.8660254037844327,-0.8660254037844318,0.5000000000000119,1,-0.5000000000000102
1989-03-01,8928203,8023512.953588555,10554105.786420286,5492920.120756824,904690.0464114454,1291142.51730783,0.7006895321655279,36,1296,7.1048083769644134e-15,1.4209616753928827e-14,-1,-1.4208997773292239e-14,-2.8419233507857654e-14,1,-1.4213949618384945e-14,-1,1
1989-04-01,6941052,6539023.0685976185,9069615.90142935,4008430.235765888,402028.9314023815,1291142.51730783,0.31137455858912827,37,1369,-0.4999999999999964,-0.8660254037844345,-0.5000000000000072,1,0.8660254037844469,-0.866025403784446,-0.4999999999999873,1,-0.49999999999998557
1989-05-01,3838498,3941698.623963613,6472291.456795344,1411105.7911318825,-103200.62396361306,1291142.51730783,-0.07992969217588572,38,1444,-0.8660254037844345,-0.8660254037844469,0.49999999999998557,-3.4321059407955307e-15,-0.8660254037844219,0.5000000000000132,0.866025403784431,-1,-0.5000000000000289
1989-06-01,4498658,3593420.3689595256,6124013.201791257,1062827.536127795,905237.6310404744,1291142.51730783,0.7011136407528361,39,1521,-1,-1.0779367755043061e-14,1,-1,-2.1558735510086122e-14,-1.5684144757998358e-14,-1,1,1
1989-07-01,6917554,6003557.525528182,8534150.358359912,3472964.6926964517,913996.4744718177,1291142.51730783,0.7078974336447366,40,1600,-0.8660254037844398,0.8660254037844362,0.5000000000000042,-7.348499775520708e-15,0.8660254037844436,-0.499999999999986,0.8660254037844467,-1,-0.4999999999999915
1989-08-01,7045552,7771689.316240391,10302282.149072122,5241096.48340866,-726137.3162403908,1291142.51730783,-0.5623990431005746,41,1681,-0.5000000000000058,0.8660254037844453,-0.49999999999998856,1,-0.8660254037844254,0.8660254037844303,-0.5000000000000144,1,-0.5000000000000229
1989-09-01,7803470,6837859.960773036,9368452.793604767,4307267.127941305,965610.0392269641,1291142.51730783,0.7478725441095102,42,1764,-3.674559378078648e-15,7.349118756157295e-15,-1,1.8129105491836944e-14,-1.469823751231459e-14,-1,1.715433989761177e-14,-1,1
1989-10-01,7404920,7192518.816943655,9723111.649775386,4661925.984111924,212401.1830563452,1291142.51730783,0.16450638113848529,43,1849,0.4999999999999932,-0.8660254037844308,-0.5000000000000135,-1,0.8660254037844544,0.8660254037844475,0.49999999999998473,1,-0.49999999999997286
1989-11-01,5029454,6090862.232886772,8621455.065718502,3560269.400055041,-1061408.2328867717,1291142.51730783,-0.8220689959927283,44,1936,0.8660254037844362,-0.8660254037844436,0.4999999999999915,-4.880017777491762e-16,-0.8660254037844288,-0.5000000000000157,-0.8660254037844296,-1,-0.500000000000017
1989-12-01,4902686,6668770.753428985,9199363.586260715,4138177.9205972548,-1766084.7534289854,1291142.51730783,-1.3678464846091976,45,2025,1,-3.91886975727153e-15,1,1,-7.83773951454306e-15,-9.797174393178826e-15,1,1,1
1990-01-01,9277777,9372700.734608028,11903293.56743976,6842107.901776297,-94923.73460802808,1291142.51730783,-0.07351917649335428,46,2116,0.8660254037844417,0.8660254037844325,0.5000000000000107,1.1268607494065414e-14,0.8660254037844509,0.5000000000000081,-0.866025403784434,-1,-0.4999999999999788
1990-02-01,6994167,6349621.076633259,8880213.909464989,3819028.243801528,644545.9233667413,1291142.51730783,0.4992058697832121,47,2209,0.5000000000000028,0.8660254037844418,-0.4999999999999945,-1,-0.8660254037844323,-0.866025403784443,0.49999999999999234,1,-0.500000000000011
1990-03-01,8203454,8102214.97672745,10632807.809559181,5571622.143895719,101239.02327254973,1291142.51730783,0.07841041706506878,48,2304,7.349737736793884e-15,1.469947547358777e-14,-1,6.372496220022355e-15,-2.939895094717554e-14,1,-2.0094730176838596e-14,-1,1
1990-04-01,6261191,6627773.900193154,9158366.733024884,4097181.0673614233,-366582.9001931539,1291142.51730783,-0.28392132958143024,49,2401,-0.49999999999999617,-0.8660254037844343,-0.5000000000000077,1,0.8660254037844475,-0.8660254037844347,-0.5000000000000068,1,-0.49999999999998473
1990-05-01,4655394,4040498.2640157826,6571091.096847514,1509905.431184052,614895.7359842174,1291142.51730783,0.47624156724878103,50,2500,-0.8660254037844344,-0.8660254037844473,0.4999999999999851,4.408109496293883e-15,-0.8660254037844215,0.5000000000000182,0.8660254037844282,-1,-0.5000000000000298
1990-06-01,4876377,3702268.8174683377,6232861.650300069,1171675.984636607,1174108.1825316623,1291142.51730783,0.9093559903672006,51,2601,-1,-1.1269226474702003e-14,1,-1,-2.2538452949404006e-14,6.856784113952001e-15,-1,1,1
1990-07-01,5761881,6122454.782493618,8653047.615325348,3591861.9496618877,-360573.7824936183,1291142.51730783,-0.2792672208219532,52,2704,-0.86602540378444,0.8660254037844359,0.5000000000000047,-1.5188715212610122e-14,0.866025403784444,-0.4999999999999809,0.8660254037844497,-1,-0.4999999999999907
1990-08-01,9915741,7900635.381662471,10431228.214494202,5370042.54883074,2015105.6183375288,1291142.51730783,1.5607150963777718,53,2809,-0.500000000000006,0.8660254037844455,-0.4999999999999881,1,-0.8660254037844249,0.8660254037844416,-0.4999999999999949,1,-0.5000000000000238
1990-09-01,6273083,6976854.83465174,9507447.667483471,4446262.001820009,-703771.8346517403,1291142.51730783,-0.5450768023031103,54,2916,-3.919488737908119e-15,7.838977475816237e-15,-1,-2.452388501477648e-15,-1.5677954951632475e-14,-1,2.3035120456065418e-14,-1,1
1990-10-01,8019762,7341562.499279002,9872155.332110733,4810969.666447271,678199.5007209983,1291142.51730783,0.5252708292304684,55,3025,0.499999999999993,-0.8660254037844306,-0.500000000000014,-1,0.8660254037844548,0.8660254037844362,0.5000000000000042,1,-0.49999999999997197
1990-11-01,5981632,6249954.723678763,8780547.556510493,3719361.8908470324,-268322.723678763,1291142.51730783,-0.2078180526796101,56,3136,0.866025403784436,-0.8660254037844438,0.49999999999999106,-8.32821721483859e-15,-0.8660254037844284,-0.5000000000000208,-0.8660254037844266,-1,-0.5000000000000179
1990-12-01,7081181,6837912.052677595,9368504.885509325,4307319.219845865,243268.94732240494,1291142.51730783,0.1884137065129314,57,3249,1,-1.8619583192132475e-14,1,1,-3.723916638426495e-14,-3.9163938347251765e-15,1,1,1
1991-01-01,13345376,9551890.8423133,12082483.675145032,7021298.00948157,3793485.157686699,1291142.51730783,2.9380839890522084,58,3364,0.8660254037844418,0.8660254037844323,0.500000000000011,1.9108822931154828e-14,0.8660254037844514,0.49999999999997835,-0.8660254037844511,-1,-0.49999999999997796
1991-02-01,6211981,6538859.992795179,9069452.82562691,4008267.159963448,-326878.99279517867,1291142.51730783,-0.2531703420910933,59,3481,0.500000000000003,0.866025403784442,-0.49999999999999406,-1,-0.8660254037844318,-0.8660254037844402,0.49999999999999745,1,-0.5000000000000119
1991-03-01,8103349,8301502.701346007,10832095.534177737,5770909.868514277,-198153.70134600718,1291142.51730783,-0.15347159487798356,60,3600,7.594667096623355e-15,1.518933419324671e-14,-1,-1.4677192170670588e-15,-3.037866838649342e-14,1,-2.5975510735292243e-14,-1,1
1991-04-01,7161457,6837110.4332683515,9367703.266100083,4306517.60043662,324346.5667316485,1291142.51730783,0.25120895825500794,61,3721,-0.49999999999999595,-0.866025403784434,-0.5000000000000081,1,0.8660254037844479,-0.8660254037844377,-0.5000000000000017,1,-0.4999999999999839
1991-05-01,4604493,4259883.605547633,6790476.438379364,1729290.7727159024,344609.394452367,1291142.51730783,0.26690267715055527,62,3844,-0.8660254037844343,-0.8660254037844475,0.49999999999998473,1.2248324933383297e-14,-0.866025403784421,0.5000000000000233,0.8660254037844252,-1,-0.5000000000000305
1991-06-01,5701641,3931702.967456814,6462295.800288545,1401110.1346250833,1769938.032543186,1291142.51730783,1.370830879486252,63,3969,-1,-1.1759085194360944e-14,1,-1,-2.3518170388721888e-14,9.760035554983525e-16,-1,1,1
1991-07-01,5859560,6361937.740938735,8892530.573770465,3831344.9081070046,-502377.7409387352,1291142.51730783,-0.38909549813776284,64,4096,-0.8660254037844437,0.8660254037844286,0.5000000000000174,5.392778780704473e-15,0.8660254037844587,-0.4999999999999758,0.8660254037844526,-1,-0.4999999999999652
1991-08-01,6883263,8150167.148564232,10680759.981395962,5619574.315732501,-1266904.1485642316,1291142.51730783,-0.9812271934208022,65,4225,-0.5000000000000061,0.8660254037844457,-0.4999999999999877,1,-0.8660254037844244,0.8660254037844386,-0.5,1,-0.5000000000000246
1991-09-01,7238615,7236435.410010143,9767028.242841873,4705842.577178413,2179.589989856817,1291142.51730783,0.0016881095313951047,66,4356,-4.164418097737589e-15,8.328836195475178e-15,-1,5.387826935611766e-15,-1.6657672390950356e-14,-1,2.8915901014519065e-14,-1,1
1991-10-01,9463285,7611191.883094046,10141784.715925777,5080599.050262315,1852093.1169059537,1291142.51730783,1.434460636280312,67,4489,0.4999999999999928,-0.8660254037844303,-0.5000000000000144,-1,0.8660254037844554,0.8660254037844392,0.49999999999999917,1,-0.49999999999997113
1991-11-01,7716502,6529632.915950434,9060225.748782165,3999040.0831187037,1186869.0840495657,1291142.51730783,0.9192394086164202,68,4624,0.8660254037844359,-0.866025403784444,0.4999999999999907,-1.6168432651928003e-14,-0.8660254037844278,-0.5000000000000259,-0.8660254037844237,-1,-0.5000000000000187
1991-12-01,5414492,7127639.053405918,9658231.88623765,4597046.220574187,-1713147.0534059182,1291142.51730783,-1.3268458210004677,69,4761,1,-1.9109441911791416e-14,1,1,-3.821888382358283e-14,1.964386723728472e-15,1,1,1
1992-01-01,8886329,9851666.651498245,12382259.484329976,7321073.818666514,-965337.6514982451,1291142.51730783,-0.7476615776785642,70,4900,0.8660254037844419,0.866025403784432,0.5000000000000114,-1.4726710621597656e-15,0.8660254037844519,0.49999999999997324,-0.8660254037844541,-1,-0.4999999999999771
1992-02-01,7115231,6848684.61043678,9379277.443268511,4318091.777605049,266546.3895632196,1291142.51730783,0.20644226798370585,71,5041,0.5000000000000032,0.8660254037844424,-0.4999999999999936,-1,-0.8660254037844313,-0.8660254037844372,0.5000000000000026,1,-0.5000000000000128
1992-03-01,8282449,8621376.127444245,11151968.960275976,6090783.294612514,-338927.1274442449,1291142.51730783,-0.2625017168135274,72,5184,7.839596456452825e-15,1.567919291290565e-14,-1,-9.307934654156473e-15,-3.13583858258113e-14,1,-3.185629129374589e-14,-1,1
1992-04-01,7319900,7167032.667823228,9697625.500654958,4636439.834991498,152867.33217677195,1291142.51730783,0.11839694698887049,73,5329,-0.4999999999999958,-0.8660254037844337,-0.5000000000000084,1,0.8660254037844485,-0.8660254037844406,-0.4999999999999966,1,-0.499999999999983
1992-05-01,5235447,4599854.648559138,7130447.481390869,2069261.8157274076,635592.3514408618,1291142.51730783,0.4922712581459557,74,5476,-0.8660254037844377,-0.8660254037844406,0.4999999999999966,2.008854037047271e-14,-0.8660254037844347,0.5000000000000284,0.8660254037844223,-1,-0.5000000000000068
1992-06-01,4030757,4281722.818924937,6812315.651756668,1751129.9860932068,-250965.8189249374,1291142.51730783,-0.1943749938993783,75,5625,-1,-2.6459798629221888e-14,1,-1,-5.2919597258443776e-14,-4.904777002955296e-15,-1,1,1
1992-07-01,6962523,6722006.400863532,9252599.233695263,4191413.5680318014,240516.59913646802,1291142.51730783,0.18628199126922937,76,5776,-0.8660254037844438,0.8660254037844284,0.5000000000000179,-2.447436656384941e-15,0.8660254037844592,-0.4999999999999707,0.8660254037844556,-1,-0.49999999999996436
1992-08-01,7960453,8520284.616945673,11050877.449777404,5989691.784113942,-559831.6169456728,1291142.51730783,-0.4335939754450821,77,5929,-0.5000000000000063,0.866025403784446,-0.4999999999999873,1,-0.8660254037844239,0.8660254037844357,-0.5000000000000051,1,-0.5000000000000254
1992-09-01,7880669,7616601.686848246,10147194.519679977,5086008.8540165145,264067.31315175444,1291142.51730783,0.20452220387131467,78,6084,-4.40934745756706e-15,8.81869491513412e-15,-1,1.322804237270118e-14,-1.763738983026824e-14,-1,-2.20467372878353e-14,-1,1
1992-10-01,8428762,8001406.968388756,10531999.801220486,5470814.135557026,427355.0316112442,1291142.51730783,0.3309898217141242,79,6241,0.4999999999999987,-0.8660254037844372,-0.5000000000000026,-1,0.8660254037844416,0.866025403784442,0.49999999999999406,1,-0.4999999999999949
1992-11-01,7659724,6929896.809701863,9460489.642533593,4399303.976870133,729827.1902981373,1291142.51730783,0.5652568794805897,80,6400,0.8660254037844323,-0.8660254037844514,0.4999999999999779,4.41306134138659e-15,-0.8660254037844132,-0.49999999999998174,-0.8660254037844491,-1,-0.5000000000000442
1992-12-01,9337134,7537951.755613921,10068544.588445652,5007358.92278219,1799182.2443860788,1291142.51730783,1.3934807507830862,81,6561,1,-1.9599300631450357e-14,1,1,-3.919860126290071e-14,7.84516728218212e-15,1,1,1
1993-01-01,9840000,10272028.16216291,12802620.99499464,7741435.329331178,-432028.1621629093,1291142.51730783,-0.33460919795572536,82,6724,0.866025403784442,0.8660254037844318,0.5000000000000119,6.367544374929648e-15,0.8660254037844524,0.5000000000000174,-0.8660254037844286,-1,-0.49999999999997624
1993-02-01,7318000,7279094.92955806,9809687.76238979,4748502.09672633,38905.07044193987,1291142.51730783,0.03013228200637455,83,6889,0.5000000000000034,0.8660254037844426,-0.4999999999999932,-1,-0.8660254037844308,-0.8660254037844343,0.5000000000000077,1,-0.5000000000000135
1993-03-01,7284000,9061835.255022142,11592428.087853873,6531242.422190411,-1777835.255022142,1291142.51730783,-1.3769473401968966,84,7056,9.790984586812941e-16,1.9581969173625882e-15,-1,-1.7148150091245887e-14,-3.9163938347251765e-15,1,1.9106347008608474e-14,-1,1
1993-04-01,8483000,7617540.603857815,10148133.436689546,5086947.771026084,865459.3961421847,1291142.51730783,0.6703050860309053,85,7225,-0.4999999999999894,-0.8660254037844264,-0.5000000000000212,1,0.8660254037844631,-0.8660254037844436,-0.4999999999999915,1,-0.4999999999999576
1993-05-01,5031000,5060411.393050316,7591004.225882046,2529818.560218585,-29411.39305031579,1291142.51730783,-0.022779354452397465,86,7396,-0.866025403784434,-0.8660254037844479,0.4999999999999839,-4.92953622841883e-16,-0.8660254037844201,0.4999999999999843,0.8660254037844477,-1,-0.5000000000000322
1993-06-01,4361000,4752328.371872805,7282921.204704536,2221735.5390410745,-391328.37187280506,1291142.51730783,-0.303086891359419,87,7569,-1,-1.2738802633678827e-14,1,-1,-2.5477605267357653e-14,-1.0785557561408946e-14,-1,1,1
1993-07-01,7522000,7202660.762268007,9733253.595099738,4672067.929436276,319339.2377319932,1291142.51730783,0.2473307426958951,88,7744,-0.8660254037844404,0.8660254037844353,0.500000000000006,-1.0287652093474354e-14,0.8660254037844455,-0.5000000000000149,0.86602540378443,-1,-0.4999999999999881
1993-08-01,8405000,9010987.786806796,11541580.619638527,6480394.953975065,-605987.7868067957,1291142.51730783,-0.46934229078780937,89,7921,-0.5000000000000128,0.8660254037844534,-0.4999999999999745,1,-0.8660254037844093,0.8660254037844327,-0.5000000000000102,1,-0.500000000000051
1993-09-01,9160000,8117353.665165991,10647946.497997722,5586760.8323342595,1042646.3348340094,1291142.51730783,0.8075377588897299,90,8100,-1.1759704174997533e-14,2.3519408349995066e-14,-1,2.1068257809790594e-14,-4.703881669999013e-14,-1,-1.616595672938165e-14,-1,1
1993-10-01,9222000,8512207.755163174,11042800.587994905,5981614.922331443,709792.2448368259,1291142.51730783,0.5497396571811596,91,8281,0.49999999999999234,-0.8660254037844298,-0.5000000000000153,-1,0.8660254037844562,0.866025403784445,0.49999999999998895,1,-0.49999999999996947
1993-11-01,8674000,7450746.404932875,9981339.237764606,4920153.572101144,1223253.5950671248,1291142.51730783,0.9474194975917446,92,8464,0.8660254037844357,-0.8660254037844445,0.49999999999998984,-3.427154095702824e-15,-0.8660254037844269,-0.49999999999998684,-0.8660254037844463,-1,-0.5000000000000203
1993-12-01,10660000,8068850.159301635,10599442.992133366,5538257.326469904,2591149.840698365,1291142.51730783,2.0068658617959456,93,8649,1,-5.878304635907295e-15,1,1,-1.175660927181459e-14,1.3725947840635769e-14,1,1,1
1994-01-01,10425000,10812975.37430722,13343568.207138952,8282382.54147549,-387975.3743072208,1291142.51730783,-0.30048996846311815,94,8836,0.8660254037844457,0.8660254037844244,0.5000000000000246,1.4207759812019062e-14,0.866025403784467,0.5000000000000123,-0.8660254037844315,-1,-0.49999999999995076
1994-02-01,9365000,7830090.950159039,10360683.78299077,5299498.117327308,1534909.0498409607,1291142.51730783,1.1887990901588539,95,9025,0.5000000000000098,0.8660254037844499,-0.49999999999998046,-1,-0.8660254037844161,-0.8660254037844313,0.5000000000000128,1,-0.5000000000000391
1994-03-01,10308000,9622880.084079757,12153472.916911488,7092287.251248026,685119.9159202427,1291142.51730783,0.5306307450464809,96,9216,8.329455176111767e-15,1.6658910352223535e-14,-1,3.4333439020687072e-15,-3.331782070444707e-14,1,1.3225566450154826e-14,-1,1
1994-04-01,8638000,8188634.241372024,10719227.074203754,5658041.408540294,449365.7586279763,1291142.51730783,0.3480373023149697,97,9409,-0.49999999999999534,-0.8660254037844333,-0.5000000000000093,1,0.8660254037844495,-0.8660254037844465,-0.4999999999999864,1,-0.49999999999998135
1994-05-01,6582000,5641553.83902118,8172146.671852911,3110961.006189449,940446.1609788202,1291142.51730783,0.7283829231646332,98,9604,-0.8660254037844374,-0.8660254037844412,0.4999999999999958,7.34726181424753e-15,-0.8660254037844337,0.4999999999999894,0.8660254037844448,-1,-0.5000000000000084
1994-06-01,4967000,5343519.626300288,7874112.459132019,2812926.7934685578,-376519.62630028836,1291142.51730783,-0.2916174018383129,99,9801,-1,-2.7439516068539772e-14,1,-1,-5.4879032137079545e-14,-1.6666338119862593e-14,-1,1,1
1994-07-01,7718000,7803900.825152145,10334493.657983875,5273307.992320415,-85900.82515214477,1291142.51730783,-0.0665308623956224,100,10000,-0.866025403784444,0.8660254037844278,0.5000000000000187,-1.812786753056377e-14,0.8660254037844602,-0.5000000000000098,0.866025403784433,-1,-0.49999999999996264
1994-08-01,8769000,9622276.658147592,12152869.490979323,7091683.825315861,-853276.6581475921,1291142.51730783,-0.6608694599623014,101,10201,-0.5000000000000068,0.8660254037844465,-0.4999999999999864,1,-0.8660254037844229,0.8660254037844298,-0.5000000000000153,1,-0.5000000000000272
1994-09-01,10527000,8738691.344963431,11269284.177795162,6208098.5121317,1788308.6550365686,1291142.51730783,1.3850590706015808,102,10404,-4.899206177226001e-15,9.798412354452001e-15,-1,4.867638164759995e-16,-1.9596824708904003e-14,-1,-1.0285176170928002e-14,-1,1
1994-10-01,8486000,9143594.243417244,11674187.076248975,6613001.410585513,-657594.2434172444,1291142.51730783,-0.5093118959387989,103,10609,0.4999999999999983,-0.8660254037844367,-0.5000000000000034,-1,0.8660254037844426,0.8660254037844479,0.49999999999998385,1,-0.4999999999999932
1994-11-01,8033000,8092181.701643605,10622774.534475336,5561588.868811874,-59181.701643604785,1291142.51730783,-0.045836691806110566,104,10816,0.866025403784432,-0.8660254037844519,0.4999999999999771,-1.1267369532792237e-14,-0.8660254037844122,-0.49999999999999195,-0.8660254037844433,-1,-0.5000000000000459
1994-12-01,10566000,8720334.264468964,11250927.097300695,6189741.431637233,1845665.7355310358,1291142.51730783,1.4294825790257808,105,11025,1,-2.057901807076824e-14,1,1,-4.115803614153648e-14,1.9606728399089418e-14,1,1,1
1995-01-01,9089000,11474508.287931234,14005101.120762965,8943915.455099503,-2385508.2879312336,1291142.51730783,-1.847594867300376,106,11236,0.8660254037844424,0.8660254037844313,0.5000000000000128,2.2047975249108475e-14,0.8660254037844534,0.5000000000000072,-0.8660254037844345,-1,-0.4999999999999745
1995-02-01,7927000,8501672.672239661,11032265.505071392,5971079.83940793,-574672.6722396612,1291142.51730783,-0.44508848909872095,107,11449,0.5000000000000038,0.866025403784443,-0.49999999999999234,-1,-0.8660254037844298,-0.8660254037844284,0.5000000000000179,1,-0.5000000000000153
1995-03-01,10113000,10304510.614617035,12835103.447448766,7773917.781785304,-191510.6146170348,1291142.51730783,-0.1483264721359768,108,11664,1.5679811893542238e-14,3.1359623787084476e-14,-1,-4.406871535020706e-15,-6.271924757416895e-14,1,7.344785891701177e-15,-1,1
1995-04-01,8410000,8880313.58036597,11410906.413197702,6349720.74753424,-470313.58036597073,1291142.51730783,-0.3642615544460768,109,11881,-0.49999999999998895,-0.8660254037844259,-0.5000000000000221,1,0.8660254037844641,-0.8660254037844495,-0.49999999999998135,1,-0.49999999999995587
1995-05-01,6571000,6343281.986471776,8873874.819303507,3812689.1536400453,227718.01352822408,1291142.51730783,0.17636938639666241,110,12100,-0.8660254037844337,-0.8660254037844485,0.499999999999983,1.5187477251336943e-14,-0.8660254037844191,0.4999999999999945,0.8660254037844418,-1,-0.500000000000034
1995-06-01,5885000,6055296.582207516,8585889.415039247,3524703.7493757852,-170296.58220751584,1291142.51730783,-0.13189603775313852,111,12321,-1,-1.371852007299671e-14,1,-1,-2.743704014599342e-14,-2.2547118678316243e-14,-1,1,1
1995-07-01,8534000,8525726.589515999,11056319.42234773,5995133.756684268,8273.41048400104,1291142.51730783,0.006407821269221297,112,12544,-0.8660254037844406,0.8660254037844347,0.5000000000000068,-2.596808296765318e-14,0.8660254037844465,-0.5000000000000047,0.8660254037844359,-1,-0.4999999999999864
1995-08-01,10135000,10354151.230968075,12884744.063799806,7823558.398136344,-219151.23096807487,1291142.51730783,-0.16973434615492997,113,12769,-0.5000000000000131,0.8660254037844538,-0.4999999999999737,1,-0.8660254037844083,0.8660254037844268,-0.5000000000000204,1,-0.5000000000000526
1995-09-01,8182000,9480614.726240555,12011207.559072286,6950021.893408824,-1298614.7262405548,1291142.51730783,-1.0057872843877105,114,12996,-1.2249562894656474e-14,2.4499125789312947e-14,-1,3.674868868396942e-14,-4.8998251578625895e-14,-1,-4.404395612474353e-15,-1,1
1995-10-01,9052000,9895566.433151023,12426159.265982755,7364973.600319292,-843566.4331510235,1291142.51730783,-0.6533488145909326,115,13225,0.49999999999999195,-0.8660254037844294,-0.5000000000000161,-1,0.8660254037844572,0.8660254037844509,0.4999999999999788,1,-0.49999999999996775
1995-11-01,10418000,8854202.699833997,11384795.532665728,6323609.8670022655,1563797.3001660034,1291142.51730783,1.2111732664699848,116,13456,0.8660254037844355,-0.866025403784445,0.49999999999998895,9.314124460522356e-15,-0.8660254037844259,-0.49999999999999706,-0.8660254037844404,-1,-0.5000000000000221
1995-12-01,11794000,9492404.07111604,12022996.90394777,6961811.238284308,2301595.9288839605,1291142.51730783,1.7826040874891438,117,13689,1,-6.858022075225178e-15,1,1,-1.3716044150450356e-14,2.5487508957543065e-14,1,1,1
1996-01-01,13263000,12256626.903034888,14787219.73586662,9726034.070203157,1006373.0969651118,1291142.51730783,0.7794438518402346,118,13924,0.866025403784446,0.8660254037844239,0.5000000000000254,1.466481255793882e-15,0.866025403784468,0.5000000000000021,-0.8660254037844374,-1,-0.4999999999999491
1996-02-01,10313000,9293840.0958,11824432.92863173,6763247.262968268,1019159.9042000007,1291142.51730783,0.7893473342703158,119,14161,0.5000000000000102,0.8660254037844504,-0.4999999999999796,-1,-0.8660254037844152,-0.8660254037844254,0.5000000000000229,1,-0.5000000000000407
1996-03-01,11445000,11106726.846633991,13637319.679465722,8576134.01380226,338273.1533660088,1291142.51730783,0.26199520876389726,120,14400,8.819313895770708e-15,1.7638627791541416e-14,-1,-1.224708697211012e-14,-3.527725558308283e-14,1,1.4640053332475287e-15,-1,1
1996-04-01,10960000,9692578.620839538,12223171.45367127,7161985.788007807,1267421.379160462,1291142.51730783,0.9816277925717842,121,14641,-0.4999999999999949,-0.8660254037844327,-0.5000000000000102,1,0.8660254037844504,-0.8660254037844524,-0.49999999999997624,1,-0.4999999999999796
1996-05-01,7460000,7165595.835402,9696188.66823373,4635003.00257027,294404.16459800024,1291142.51730783,0.22801833310536807,122,14884,-0.8660254037844372,-0.8660254037844416,0.4999999999999949,2.302769268842636e-14,-0.8660254037844328,0.49999999999999956,0.8660254037844389,-1,-0.5000000000000102
1996-06-01,4608000,6887659.239594359,9418252.07242609,4357066.406762628,-2279659.239594359,1291142.51730783,-1.7656139496882899,123,15129,-1,-2.8419233507857654e-14,1,-1,-5.683846701571531e-14,-2.842789923676989e-14,-1,1,1
1996-07-01,6893000,9368138.055359498,11898730.888191229,6837545.222527767,-2475138.0553594977,1291142.51730783,-1.917013824717371,124,15376,-0.8660254037844443,0.8660254037844274,0.5000000000000195,-3.3808298404742594e-14,0.8660254037844611,-0.49999999999999956,0.8660254037844389,-1,-0.499999999999961
1996-08-01,10118000,11206611.505268233,13737204.338099964,8676018.672436502,-1088611.505268233,1291142.51730783,-0.8431381436792152,125,15625,-0.5000000000000072,0.8660254037844469,-0.49999999999998557,1,-0.8660254037844219,0.8660254037844239,-0.5000000000000254,1,-0.5000000000000289
1996-09-01,9051000,10343123.808997339,12873716.64182907,7812530.976165608,-1292123.8089973386,1291142.51730783,-1.00076001810517,126,15876,-5.389064896884942e-15,1.0778129793769884e-14,-1,-1.225451473974918e-14,-2.1556259587539768e-14,-1,1.4763849459792957e-15,-1,1
1996-10-01,9436000,10768124.32436448,13298717.15719621,8237531.491532749,-1332124.3243644796,1291142.51730783,-1.031740730792524,127,16129,0.49999999999998557,-0.8660254037844219,-0.5000000000000289,-1,0.866025403784472,0.8660254037844538,0.4999999999999737,1,-0.49999999999994227
1996-11-01,10307000,9736809.399504088,12267402.232335819,7206216.566672357,570190.6004959121,1291142.51730783,0.4416170894014244,128,16384,0.8660254037844318,-0.8660254037844524,0.49999999999997624,1.4739090234329423e-15,-0.8660254037844112,-0.5000000000000021,-0.8660254037844374,-1,-0.5000000000000475
1996-12-01,11327000,10385059.57924273,12915652.412074462,7854466.746410999,941940.4207572695,1291142.51730783,0.7295402390754785,129,16641,1,-2.1558735510086122e-14,1,1,-4.3117471020172244e-14,3.1368289515996716e-14,1,1,1
1997-01-01,12603013,13159331.21961826,15689924.052449992,10628738.38678653,-556318.2196182609,1291142.51730783,-0.4308728216759864,130,16900,0.8660254037844426,0.8660254037844308,0.5000000000000135,9.306696692883296e-15,0.8660254037844544,0.499999999999997,-0.8660254037844404,-1,-0.49999999999997286
1997-02-01,8384613,10206593.220839983,12737186.053671714,7676000.388008252,-1821980.2208399829,1291142.51730783,-1.4111379622437081,131,17161,0.5000000000000042,0.8660254037844436,-0.4999999999999915,-1,-0.8660254037844288,-0.8660254037844225,0.500000000000028,1,-0.500000000000017
1997-03-01,12627362,12029528.780130628,14560121.61296236,9498935.947298897,597833.2198693715,1291142.51730783,0.46302651477694157,132,17424,1.6169670613201182e-14,3.2339341226402363e-14,-1,-2.0087302409199534e-14,-6.467868245280473e-14,1,-4.41677522520612e-15,-1,1
1997-04-01,9296622,10625429.362792846,13156022.195624577,8094836.529961115,-1328807.3627928458,1291142.51730783,-1.0291717180559983,133,17689,-0.49999999999998856,-0.8660254037844254,-0.5000000000000229,1,0.8660254037844651,-0.8660254037844554,-0.49999999999997113,1,-0.49999999999995415
1997-05-01,7936936,8108495.385811956,10639088.218643686,5577902.5529802255,-171559.38581195567,1291142.51730783,-0.13287408904299372,134,17956,-0.8660254037844335,-0.8660254037844489,0.4999999999999822,3.086790812551577e-14,-0.8660254037844181,0.5000000000000047,0.8660254037844359,-1,-0.5000000000000356
1997-06-01,6698641,7840607.598460946,10371200.431292677,5310014.765629215,-1141966.5984609462,1291142.51730783,-0.8844620815694835,135,18225,-1,-1.469823751231459e-14,1,-1,-2.939647502462918e-14,-3.430867979522354e-14,-1,1,1
1997-07-01,10987359,10331135.222682748,12861728.055514479,7800542.389851017,656223.777317252,1291142.51730783,0.5082504592022488,136,18496,-0.8660254037844408,0.8660254037844343,0.5000000000000077,1.5194905018976005e-14,0.8660254037844475,-0.4999999999999945,0.8660254037844418,-1,-0.49999999999998473
1997-08-01,13223954,12179657.481048075,14710250.313879807,9649064.648216344,1044296.5189519245,1291142.51730783,0.8088158394236712,137,18769,-0.5000000000000135,0.8660254037844544,-0.49999999999997286,1,-0.8660254037844073,0.866025403784421,-0.5000000000000305,1,-0.5000000000000543
1997-09-01,12139242,11326218.593233803,13856811.426065534,8795625.760402072,813023.4067661967,1291142.51730783,0.62969300125089,138,19044,-1.2739421614315414e-14,2.547884322863083e-14,-1,-4.414299302659767e-15,-5.095768645726166e-14,-1,7.357165504432944e-15,-1,1
1997-10-01,13246477,11761267.91705759,14291860.749889322,9230675.08422586,1485209.0829424094,1291142.51730783,1.1503060762333417,139,19321,0.4999999999999915,-0.8660254037844288,-0.500000000000017,-1,0.8660254037844582,0.8660254037844568,0.4999999999999686,1,-0.499999999999966
1997-11-01,9757839,10740001.80065382,13270594.633485552,8209408.96782209,-982162.8006538209,1291142.51730783,-0.7606927875798987,140,19600,0.8660254037844353,-0.8660254037844455,0.4999999999999881,-6.366306413656472e-15,-0.8660254037844249,-0.5000000000000072,-0.8660254037844345,-1,-0.5000000000000238
1997-12-01,14446017,11398300.78884913,13928893.621680861,8867707.9560174,3047716.2111508697,1291142.51730783,2.3604800944094717,141,19881,1,-7.83773951454306e-15,1,1,-1.567547902908612e-14,-1.9594348786357652e-14,1,1,1
1998-01-01,14518000,14182621.237681296,16713214.070513027,11652028.404849565,335378.7623187043,1291142.51730783,0.2597534802106934,142,20164,0.8660254037844463,0.8660254037844235,0.5000000000000263,1.714691212997271e-14,0.866025403784469,0.49999999999999195,-0.8660254037844433,-1,-0.4999999999999474
1998-02-01,13293000,11239932.047359679,13770524.88019141,8709339.214527948,2053067.952640321,1291142.51730783,1.5901172218549404,143,20449,0.5000000000000107,0.8660254037844509,-0.4999999999999788,-1,-0.8660254037844142,-0.8660254037844479,0.4999999999999839,1,-0.5000000000000424
1998-03-01,10718000,13072916.415106945,15603509.247938676,10542323.582275214,-2354916.4151069447,1291142.51730783,-1.8239012220100976,144,20736,9.309172615429648e-15,1.8618345230859297e-14,-1,-2.7927517846288947e-14,-3.7236690461718594e-14,1,-1.029755578365977e-14,-1,1
1998-04-01,11575000,11678865.806225808,14209458.63905754,9148272.973394077,-103865.80622580834,1291142.51730783,-0.08044488105184518,145,21025,-0.4999999999999945,-0.8660254037844323,-0.500000000000011,1,0.8660254037844514,-0.8660254037844298,-0.5000000000000153,1,-0.49999999999997796
1998-05-01,7967000,9171980.637701554,11702573.470533285,6641387.804869823,-1204980.6377015542,1291142.51730783,-0.9332669488834334,146,21316,-0.8660254037844298,-0.8660254037844562,0.49999999999996947,3.870812356260519e-14,-0.8660254037844034,0.49999999999996053,0.8660254037844615,-1,-0.5000000000000611
1998-06-01,7348000,8914141.65880715,11444734.49163888,6383548.825975418,-1566141.6588071492,1291142.51730783,-1.2129889906133071,147,21609,-1,-2.939895094717554e-14,1,-1,-5.879790189435108e-14,-4.018946035367719e-14,-1,1,1
1998-07-01,11335000,11414718.091485608,13945310.92431734,8884125.258653877,-79718.09148560837,1291142.51730783,-0.061742286708851554,148,21904,-0.8660254037844445,0.8660254037844269,0.5000000000000203,7.35468958188659e-15,0.8660254037844621,-0.4999999999999894,0.8660254037844448,-1,-0.49999999999995925
1998-08-01,12399000,13273289.158307593,15803881.991139324,10742696.325475862,-874289.1583075933,1291142.51730783,-0.6771438060382208,149,22201,-0.5000000000000077,0.8660254037844475,-0.49999999999998473,1,-0.866025403784421,0.8660254037844465,-0.4999999999999864,1,-0.5000000000000305
1998-09-01,11453000,12429899.078950003,14960491.911781734,9899306.246118272,-976899.0789500028,1291142.51730783,-0.7566159938617324,150,22500,-5.8789236165438834e-15,1.1757847233087767e-14,-1,3.425916134429647e-15,-2.3515694466175534e-14,-1,-4.3605472797921425e-14,-1,1
1998-10-01,12238000,12874997.211230408,15405590.04406214,10344404.378398677,-636997.2112304084,1291142.51730783,-0.4933593330646531,151,22801,0.4999999999999851,-0.8660254037844215,-0.5000000000000298,-1,0.8660254037844729,0.8660254037844597,0.4999999999999635,1,-0.4999999999999406
1998-11-01,10797000,11863779.903283268,14394372.736115,9333187.070451537,-1066779.9032832682,1291142.51730783,-0.8262293968195069,152,23104,0.8660254037844315,-0.8660254037844528,0.4999999999999754,-1.4206521850745885e-14,-0.8660254037844102,-0.5000000000000123,-0.8660254037844315,-1,-0.5000000000000492
1998-12-01,14016000,12532127.699935181,15062720.532766912,10001534.86710345,1483872.300064819,1291142.51730783,1.1492707274165606,153,23409,1,-2.2538452949404006e-14,1,1,-4.507690589880801e-14,-1.3713568227904002e-14,1,1,1
1999-01-01,,15326496.957299398,17857089.79013113,12795904.124467667,,1291142.51730783,,154,23716,0.8660254037844457,0.8660254037844223,0.5000000000000235,0,0.8660254037844624,0.500000000000004,-0.8660254039999999,-1,-0.49999999999995137
1999-02-01,,12393856.575228628,14924449.408060359,9863263.742396897,,1291142.51730783,,155,24025,0.5000000000000094,0.866025403784444,-0.4999999999999826,-1,-0.8660254037844206,-0.8660254039999961,0.5,1,-0.5000000000000394
1999-03-01,,14236889.75156296,16767482.584394692,11706296.91873123,,1291142.51730783,,156,24336,9.768619860760201e-15,1.809055749496039e-14,-1.0000000000000029,0,-4.39338683950013e-14,1.000000000000004,0,-1,1
1999-04-01,,12852887.951008037,15383480.783839768,10322295.118176306,,1291142.51730783,,157,24649,-0.4999999999999939,-0.8660254037844344,-0.500000000000016,1,0.8660254037844556,-0.8660254039999961,-0.5,1,-0.49999999999997397
1999-05-01,,10356051.590995444,12886644.423827175,7825458.758163713,,1291142.51730783,,158,24964,-0.8660254037844305,-0.8660254037844543,0.49999999999996797,0,-0.8660254037844157,0.500000000000004,0.8660254039999999,-1,-0.5000000000000541
1999-06-01,,10108261.420633102,12638854.253464833,7577668.587801371,,1291142.51730783,,159,25281,-1.0000000000000002,-2.635813535150757e-14,0.9999999999999966,-1,-4.608964949394043e-14,-1.0906834e-14,-1,1,1.0000000000000038
1999-07-01,,12618886.661692772,15149479.494524503,10088293.828861041,,1291142.51730783,,160,25600,-0.8660254037844441,0.8660254037844274,0.5000000000000148,0,0.866025403784456,-0.49999999999999595,0.8660254039999999,-1,-0.4999999999999594
1999-08-01,,14487506.537056213,17018099.369887944,11956913.704224482,,1291142.51730783,,161,25921,-0.5000000000000088,0.8660254037844473,-0.4999999999999873,1,-0.8660254037844165,0.866025403800004,-0.5,1,-0.5000000000000312
1999-09-01,,13654165.266145825,16184758.098977556,11123572.433314094,,1291142.51730783,,162,26244,-7.365730093133308e-15,1.3579952869715374e-14,-1.0000000000000038,0,-3.210075870938309e-14,-0.999999999999996,0,-1,1.0000000000000018
1999-10-01,,14109312.20689227,16639905.039724002,11578719.37406054,,1291142.51730783,,163,26569,0.49999999999998523,-0.8660254037844283,-0.5000000000000319,-1,0.8660254037844646,0.866025403800004,0.5,1,-0.4999999999999429
1999-11-01,,13108143.707467798,15638736.54029953,10577550.874636067,,1291142.51730783,,164,26896,0.8660254037844314,-0.8660254037844533,0.4999999999999738,0,-0.8660254037844164,-0.49999999999999595,-0.8660254039999999,-1,-0.5000000000000445
1999-12-01,,13786540.312500967,16317133.145332698,11255947.479669236,,1291142.51730783,,165,27225,0.9999999999999996,-1.9908268922588044e-14,0.9999999999999969,1,-3.295973923582703e-14,4.0249659999999995e-15,1,1,1.0000000000000018
